Date,true_unsmoothed_return
2017-05-10,0.004848005618572229
2017-05-11,0.002770288924898417
2017-05-12,1.1630313622352991e-15
2017-05-15,0.010190705688019875
2017-05-16,0.004749066728404437
2017-05-17,-0.026515622566876805
2017-05-18,-0.0023745333642107326
2017-05-19,0.03202882669056134
2017-05-22,-0.002322052855764262
2017-05-23,-0.002397152190993915
2017-05-24,0.008584104181918384
2017-05-25,0.009567513397152408
2017-05-26,0.006469674403270797
2017-05-30,0.00023703311385194934
2017-05-31,-0.006004820985850703
2017-06-01,0.00231596765868222
2017-06-02,0.004353675893926813
2017-06-05,-0.003122122352433287
2017-06-06,-0.00045512537116768054
2017-06-07,-0.000504604811866766
2017-06-08,0.0032152766057917787
2017-06-09,-0.0032015524350760627
2017-06-12,-0.009688291241385143
2017-06-13,0.016011554240654112
2017-06-14,-0.00846711971433201
2017-06-15,-0.01723158922357304
2017-06-16,0.0036723755745463422
2017-06-19,0.0013880413080305254
2017-06-20,-0.007022860745884412
2017-06-21,-0.003413554989524918
2017-06-22,-0.0026918738397143146
2017-06-23,0.005145423316188412
2017-06-26,0.004470362558402568
2017-06-27,-0.004335324420451408
2017-06-28,0.008503136331475425
2017-06-29,-0.0016612970954930605
2017-06-30,-0.005311357617559805
2017-07-03,0.002064968472961726
2017-07-05,0.0008164458944824884
2017-07-06,-0.004578680381652013
2017-07-07,0.012525851841757581
2017-07-10,0.010781012211353943
2017-07-11,-0.00107498126922277
2017-07-12,0.014844510347412984
2017-07-13,0.007907312373927548
2017-07-14,0.006588209462845443
2017-07-17,0.0004164792862965172
2017-07-18,0.001994208555324956
2017-07-19,-0.002365740742714566
2017-07-20,0.002054984785798974
2017-07-21,0.0024371291181663744
2017-07-24,0.007488346982816
2017-07-25,0.004827163554598109
2017-07-26,-0.004653816109938551
2017-07-27,-0.005471054041962644
2017-07-28,0.0032598583604520484
2017-07-31,0.0028493470962121722
2017-08-01,0.002885186132133238
2017-08-02,0.02711366413456124
2017-08-03,0.0017531170886706559
2017-08-04,0.01615809112496157
2017-08-07,0.005274076452695264
2017-08-08,-0.004539964651371763
2017-08-10,-0.023630469130136535
2017-08-11,-0.00018304188982496433
2017-08-14,0.015141476582225482
2017-08-15,0.0208744192167874
2017-08-16,-0.0003988767101523105
2017-08-17,-0.01411629954145991
2017-08-18,0.0030197693199091086
2017-08-21,0.004481371881076977
2017-08-22,0.01938306789282779
2017-08-23,0.0016583041919875376
2017-08-24,0.0070758133898239615
2017-08-25,0.008483747403150423
2017-08-28,-0.003339925674960655
2017-08-29,-0.0029081158985394943
2017-08-30,0.0041610535462789635
2017-08-31,0.017930114221680008
2017-09-01,0.013516738353880552
2017-09-05,0.038235114116017196
2017-09-06,0.04229464648596879
2017-09-07,-0.01667079793355492
2017-09-08,-0.016791023271812824
2017-09-11,0.05650059430833591
2017-09-12,0.006520747311999895
2017-09-13,0.019879621120843044
2017-09-14,0.013166681288106503
2017-09-15,0.012641046797404574
2017-09-18,0.019078514592969466
2017-09-19,0.016408430955168033
2017-09-20,-0.022253808272207676
2017-09-21,-0.011819109859360005
2017-09-22,-0.021983526134062667
2017-09-26,0.0066213951508142955
2017-09-27,0.01844865858262898
2017-09-28,0.0008649903838448696
2017-09-29,0.012034219391991972
2017-10-09,-0.0036335330091106432
2017-10-10,0.006885641962039872
2017-10-11,0.018024848420795707
2017-10-12,0.009461961491144852
2017-10-13,0.004190417678407575
2017-10-16,0.002831021629858462
2017-10-17,-0.012472822152537187
2017-10-18,0.003436820296849518
2017-10-19,-0.0013135011392608484
2017-10-20,0.001135854500261893
2017-10-23,0.0004890909860515476
2017-10-24,0.0018169754226946223
2017-10-25,-0.014974380333306335
2017-10-26,-0.0019152209031053319
2017-10-27,0.0011117906960084268
2017-10-30,-0.00015792378351522625
2017-10-31,0.006332030606736974
2017-11-01,0.016387736632567214
2017-11-02,0.00013132176763138922
2017-11-03,-0.008266559416329295
2017-11-06,0.008727713207514864
2017-11-07,0.00931038120153192
2017-11-08,0.018278726639981615
2017-11-09,-0.010441915178617605
2017-11-10,0.0031238997144570637
2017-11-13,0.002480759110942017
2017-11-14,-0.015434144031058649
2017-11-15,-0.023754355637662185
2017-11-16,0.017506306208231955
2017-11-17,0.0011838225375942787
2017-11-20,-0.0039631526062048495
2017-11-21,0.016889231249264492
2017-11-22,0.002191378927404271
2017-11-24,0.0058180461304229575
2017-11-27,-0.009403934491677937
2017-11-28,0.0038105253121754946
2017-11-29,-0.014625049803284638
2017-11-30,0.006580427192265411
2017-12-01,-0.00832369438769573
2017-12-04,-0.01435934684041332
2017-12-05,-0.022380645633908017
2017-12-06,-0.020474528465942797
2017-12-07,0.006048131677435555
2017-12-08,0.009161892307316134
2017-12-11,0.009956689549772222
2017-12-12,0.0008608083387571337
2017-12-13,0.01399963785926153
2017-12-14,-0.005738179803199542
2017-12-15,-0.016074850480161752
2017-12-18,0.03581788372833378
2017-12-19,0.004743511567762719
2017-12-20,0.006498825607312174
2017-12-21,-0.02310875513372083
2017-12-22,0.012004692325214658
2017-12-26,-0.008392845127160367
2017-12-27,0.007461979708406659
2017-12-28,-0.025713024498729847
2017-12-29,-0.000254126246907124
2018-01-02,0.020834863473376895
2018-01-03,0.006349114107651727
2018-01-04,-0.0015355068310608049
2018-01-05,0.017096724336148127
2018-01-08,0.013923983066567294
2018-01-09,-0.014837754737901823
2018-01-10,-0.008639207576785437
2018-01-11,0.004011265260881211
2018-01-12,0.006578787302881741
2018-01-16,-0.021027288455067666
2018-01-17,0.0037371209267487602
2018-01-18,-0.03857764690874726
2018-01-19,-0.0074993533173401536
2018-01-22,-0.0037766062153955053
2018-01-23,0.006999930483591184
2018-01-24,-0.012176791770509478
2018-01-25,0.015203196107459583
2018-01-26,-0.0012756114167400343
2018-01-29,-0.00598901076532904
2018-01-30,-0.0165506733086049
2018-01-31,-0.002601927882422405
2018-02-01,-0.019342971664597332
2018-02-02,-0.03799963125107437
2018-02-05,-0.036097972001290016
2018-02-06,0.02348779181823971
2018-02-07,0.004886146303237017
2018-02-08,-0.02931097862950732
2018-02-09,0.011129133614591162
2018-02-22,0.01282780150561152
2018-02-23,0.021762866414641112
2018-02-26,-0.033509589878047384
2018-02-27,-0.009641933432396074
2018-02-28,-0.03881815938834351
2018-03-01,-0.02004412500251967
2018-03-02,0.0022812461701023985
2018-03-05,-0.00042700985221113966
2018-03-06,0.02363429617134352
2018-03-07,-0.0010860001916628346
2018-03-08,0.007897158820738985
2018-03-09,0.024600663456345213
2018-03-12,0.007342410237722901
2018-03-13,-0.0024232567475847185
2018-03-14,0.0010794684322135279
2018-03-15,-0.00335412707740257
2018-03-16,-0.0027836438252867163
2018-03-19,-0.022298852853670354
2018-03-20,-0.00379416011515379
2018-03-21,0.007099963751799373
2018-03-22,-0.025818221505109897
2018-03-23,-0.02030667023964677
2018-03-26,0.014817193589552545
2018-03-27,-0.012602758401991406
2018-03-28,-0.022041110496384932
2018-03-29,0.013236655545046407
2018-04-02,-0.02398487098429149
2018-04-03,-0.006495481152189233
2018-04-04,-0.0032190324433847266
2018-04-09,-0.0026567822365052484
2018-04-10,0.01486607213622846
2018-04-11,0.002671395416239357
2018-04-12,0.008814137145530362
2018-04-13,0.0031488809239199472
2018-04-16,-0.024135160155982216
2018-04-17,0.004868493218322214
2018-04-18,0.017464563733264667
2018-04-19,0.00640974614900347
2018-04-20,-0.006352159712240279
2018-04-23,-0.006597028877757138
2018-04-24,-0.02251509774769429
2018-04-25,-0.006277486459069087
2018-04-26,0.008102236874279316
2018-04-27,0.007087548382420792
2018-05-02,-0.011289290950885277
2018-05-03,0.0026354120774226162
2018-05-04,0.01519391880073551
2018-05-07,0.0068325009699210446
2018-05-08,-0.0020160362067859813
2018-05-09,0.003105722422771712
2018-05-10,0.004726150038362653
2018-05-11,0.0026010371740794926
2018-05-14,0.0021424047235069645
2018-05-15,-0.00553678976406862
2018-05-16,0.00997046716236959
2018-05-17,0.01519477764349178
2018-05-18,-0.00999645871175594
2018-05-21,0.01017407411218234
2018-05-22,-0.014518728253625653
2018-05-23,-0.0035130648951339485
2018-05-24,-0.026312484450414095
2018-05-25,0.0036787770639146533
2018-05-29,-0.03365140763170981
2018-05-30,0.004362313406574173
2018-05-31,-0.009557903183804933
2018-06-01,0.023198670387574113
2018-06-04,0.011744409308402818
2018-06-05,-0.02377005250217905
2018-06-06,2.1049213671194e-05
2018-06-07,0.007862559499605069
2018-06-08,-0.014776785421476658
2018-06-11,0.015755037699702584
2018-06-12,0.0013542040873754807
2018-06-13,-0.009665914771438182
2018-06-14,-0.0025265192439280697
2018-06-15,-0.03058116043352823
2018-06-19,-0.042027217661506716
2018-06-20,-0.004193918604179714
2018-06-21,0.01388089821178944
2018-06-22,0.01608830076052256
2018-06-25,-0.010178218275208342
2018-06-26,-0.0031077987034366546
2018-06-27,-0.026954744963093826
2018-06-28,0.007554886718180734
2018-06-29,0.005444291964914331
2018-07-02,-0.001673953792387506
2018-07-03,0.0019188156469300982
2018-07-05,-0.02056039054152757
2018-07-06,0.017955553470693705
2018-07-09,0.0124634939930049
2018-07-10,-0.011704650095588671
2018-07-11,-0.006319588256548353
2018-07-12,0.012079918503016434
2018-07-13,0.00237275869102894
2018-07-16,-0.01788747360267479
2018-07-17,0.010496090857466748
2018-07-18,-0.006749965097718941
2018-07-19,-0.004326878704234828
2018-07-20,-0.003541625249304112
2018-07-23,-0.03882550910434035
2018-07-24,-0.006659639415385095
2018-07-25,0.022997655982342553
2018-07-26,0.008772656754707963
2018-07-27,-0.020532757914913404
2018-07-30,0.0029288512362798825
2018-07-31,0.0075011266999500045
2018-08-01,-0.032038043879765075
2018-08-02,-0.01211372582395945
2018-08-03,0.01568680649964777
2018-08-06,-0.01276957767064237
2018-08-07,0.012384206463127611
2018-08-08,0.01639203979036713
2018-08-09,-0.0006021596206508975
2018-08-10,-0.023372507190591238
2018-08-13,-0.030814737477669676
2018-08-14,-0.011956038231239079
2018-08-15,-0.01781554713194862
2018-08-16,0.018752110767777642
2018-08-17,0.006306784680848815
2018-08-20,0.0006669556204353207
2018-08-21,0.008949914527526415
2018-08-22,-0.0032234573024380927
2018-08-23,-0.025359439231941033
2018-08-24,0.01953245629499821
2018-08-27,-0.005809886535277489
2018-08-28,-0.013079766530735882
2018-08-29,0.017942787548192344
2018-08-30,-0.010590881073181594
2018-08-31,0.0011712070796035653
2018-09-04,-0.01270653974144091
2018-09-05,-0.015611488986884204
2018-09-06,-0.007684242373640292
2018-09-07,-0.002401821952485288
2018-09-10,0.0022758251991793314
2018-09-11,0.0054205764970413715
2018-09-12,0.008768943798282821
2018-09-13,0.007669581811351321
2018-09-14,0.009104337886990862
2018-09-17,-0.009307720489292206
2018-09-18,0.0020470667206499114
2018-09-19,0.0239525834983752
2018-09-20,-0.006736352501294902
2018-09-21,0.022357220783069003
2018-09-25,-0.005220245457593329
2018-09-26,-0.0031433072910639136
2018-09-27,-0.0017432909296697721
2018-09-28,-0.010265557341491705
2018-10-08,-0.0066008656580775395
2018-10-09,-0.040350899527365564
2018-10-10,-0.04718018145767632
2018-10-11,-0.008237627178539694
2018-10-12,0.02507713223371641
2018-10-15,0.006874827525421981
2018-10-16,0.01597225206077836
2018-10-17,-0.013322602209215155
2018-10-18,-0.02251540655157816
2018-10-19,0.0032607587477558645
2018-10-22,0.00599243218611487
2018-10-23,-0.011438100823647615
2018-10-24,-0.03358566357135115
2018-10-25,0.027180440826022157
2018-10-26,-0.012260214532038915
2018-10-29,-0.006465579437007794
2018-10-30,0.035399674094396094
2018-10-31,0.009557216701117685
2018-11-01,0.05318432684220927
2018-11-02,0.003287918146316772
2018-11-05,-0.0011576895448855362
2018-11-06,0.005771835354119261
2018-11-07,0.01353877794684364
2018-11-08,-0.012910651378670122
2018-11-09,-0.008411781574415907
2018-11-12,-0.02542494124070982
2018-11-13,0.0031253629311773527
2018-11-14,0.0038695121955697256
2018-11-15,0.01800650522576604
2018-11-16,-0.002121011605441925
2018-11-19,-0.006377366767089117
2018-11-20,-0.03324882931351563
2018-11-21,0.0051703646892602975
2018-11-23,-0.008888010001576806
2018-11-26,0.014328595779977043
2018-11-27,-0.0009545940152586902
2018-11-28,0.024887594582159007
2018-11-29,-0.003570109024564567
2018-11-30,0.0009693035789716352
2018-12-03,0.026155476604245637
2018-12-04,-0.0312718711064872
2018-12-06,-0.013098737152994255
2018-12-07,-0.023836230589273557
2018-12-10,-0.004426419811655194
2018-12-11,-0.0029873347154622575
2018-12-12,0.011873831519972114
2018-12-13,-0.0018557127612460827
2018-12-14,-0.019407135422360156
2018-12-17,-0.026863141157008916
2018-12-18,-0.003948806631444515
2018-12-19,-0.024754790033922766
2018-12-20,-0.027481976652028096
2018-12-21,-0.011120619531006112
2018-12-24,-0.02963889355744145
2018-12-26,0.04423397592447616
2018-12-27,-0.0001841627322052711
2018-12-28,-0.018625982252421906
2019-01-02,0.0030013257259856718
2019-01-03,-0.029117832663592767
2019-01-07,0.015667857564826644
2019-01-08,0.013090876068752881
2019-01-09,0.0056613859882465095
2019-01-10,0.006167898054294491
2019-01-11,-0.004729734844634151
2019-01-14,-0.00636038724034686
2019-01-15,-0.01852835226453804
2019-01-16,0.013175990560066044
2019-01-17,0.0012969820983949032
2019-01-18,0.005985519753662684
2019-01-22,-0.018130990058816344
2019-01-23,-0.003011647048636845
2019-01-24,-0.0023837093495804548
2019-01-25,0.018905634620481532
2019-01-28,-0.004618359026709445
2019-01-29,0.003062463450433436
2019-01-30,0.010392766144482406
2019-01-31,0.0010233056185658962
2019-02-01,0.013214735002182109
2019-02-11,-0.0016313205326667147
2019-02-12,-0.0014718058257907106
2019-02-13,0.0046887088546439006
2019-02-14,0.00034743221941081965
2019-02-15,0.009479299629536586
2019-02-19,0.024081128166711332
2019-02-20,0.000384863700433306
2019-02-21,0.015005794407943397
2019-02-22,0.0034149054146194926
2019-02-25,0.022327289432559086
2019-02-26,-0.006679239923326981
2019-02-27,0.004878447805034963
2019-02-28,-0.01345577846575363
2019-03-01,-0.02148476749029586
2019-03-04,-0.003803360004399345
2019-03-05,-0.002572699265789376
2019-03-06,-0.003998679564156787
2019-03-07,-0.020788450661878125
2019-03-08,-0.02271650210688852
2019-03-11,0.018965779617566306
2019-03-12,-0.019902832316274037
2019-03-13,0.01516051052631515
2019-03-14,-0.005990296421342648
2019-03-15,0.007680293201827583
2019-03-18,-0.0030663797321750456
2019-03-19,-3.0041371840916964e-05
2019-03-20,-0.012429894833685524
2019-03-21,0.01801769144577373
2019-03-22,-0.027399294970487136
2019-03-25,-0.006336182008512662
2019-03-26,0.003380366892480933
2019-03-27,-0.005746747791375387
2019-03-28,0.009555240825302454
2019-03-29,0.010799486253834239
2019-04-01,0.012957020082140912
2019-04-02,0.004522767671841073
2019-04-03,0.008172940257472517
2019-04-04,0.0028811636385282884
2019-04-08,0.0034427773564594715
2019-04-09,-0.016820314185609527
2019-04-10,0.011146800429485612
2019-04-11,-0.009956114318038079
2019-04-12,0.002563432583947561
2019-04-15,-0.006297435108982566
2019-04-16,0.006822951305686909
2019-04-17,0.007118987862243157
2019-04-18,-0.011286123470951436
2019-04-22,-0.00716096160808024
2019-04-23,-0.0008978505057116032
2019-04-24,-0.023516505276585484
2019-04-25,-0.011348384548273735
2019-04-26,0.0015477943456714026
2019-04-29,0.00716651560955622
2019-04-30,-0.010252904149049835
2019-05-06,-0.01302954401864483
2019-05-07,0.00042775703111853306
2019-05-08,-0.016167701124732675
2019-05-09,-0.011395806423034779
2019-05-10,0.003510004816533252
2019-05-13,-0.04009558419643028
2019-05-14,0.01132737588566675
2019-05-15,0.003363882208325658
2019-05-16,-0.00539139030679991
2019-05-17,-0.023433994936033598
2019-05-20,-0.010905213103292389
2019-05-21,0.010401351669311894
2019-05-22,-0.0019242507619902489
2019-05-23,-0.022747006065136074
2019-05-24,-0.002820061972408348
2019-05-28,-0.004668636588330974
2019-05-29,-0.00756298521429314
2019-05-30,0.004662339905962764
2019-05-31,-0.003779459425200189
2019-06-03,0.0027387285000065186
2019-06-04,0.02727158096325748
2019-06-05,-0.008523797628659449
2019-06-06,0.0031689571441336625
2019-06-10,0.010790080510412296
2019-06-11,0.014111416817418955
2019-06-12,-0.01939188395924335
2019-06-13,0.011750505502754423
2019-06-14,-0.019186847262378022
2019-06-17,0.00762063319318222
2019-06-18,0.0003816905817854207
2019-06-19,-0.002881220008162407
2019-06-20,0.01100575579728348
2019-06-21,0.00012085634323786616
2019-06-24,-0.0061014230427069525
2019-06-25,-0.017529130372736887
2019-06-26,0.009998781699464818
2019-06-27,0.0002044913349848168
2019-06-28,0.00730197268328487
2019-07-01,-0.012118817808777747
2019-07-02,0.004227950971496397
2019-07-03,0.0040602437694411304
2019-07-05,-0.010571870429529048
2019-07-08,-0.0108320556853786
2019-07-09,-0.005023984490314317
2019-07-10,-0.002238044685759671
2019-07-11,0.0037994358801750417
2019-07-12,0.014181769534898293
2019-07-15,0.00671213482581164
2019-07-16,-0.0008559137943050842
2019-07-17,-0.0032525612118930866
2019-07-18,-0.00032123053465030606
2019-07-19,0.011026641550764335
2019-07-22,-0.0004561997847783647
2019-07-23,0.0006066163668019351
2019-07-24,0.010286741385489167
2019-07-25,-0.02928107079848505
2019-07-26,-0.012586971494702715
2019-07-29,-0.01499716842804813
2019-07-30,0.011378182992597952
2019-07-31,-0.0008875406680739326
2019-08-01,-0.02337607749099731
2019-08-02,-0.02884507952559727
2019-08-05,-0.04164484286855453
2019-08-06,-0.0043105756831833065
2019-08-07,0.023114406456223806
2019-08-08,0.03615956724200476
2019-08-09,-0.008984912343163861
2019-08-12,-0.024560915197413748
2019-08-13,-0.00403554813234382
2019-08-14,-0.027079540655357164
2019-08-15,-0.028016901120570554
2019-08-16,0.020845339982989666
2019-08-19,0.0029240614602973284
2019-08-20,0.007173446737843883
2019-08-21,0.0017229993246915209
2019-08-22,-0.04315672092329699
2019-08-23,-0.03814557681431594
2019-08-26,-0.004498084529854271
2019-08-27,-0.005216499723697854
2019-08-28,0.015501639321237756
2019-08-29,0.014523446678365765
2019-08-30,-0.006436821047717681
2019-09-03,-0.013235562256693317
2019-09-04,0.01349923614574438
2019-09-05,-0.007651900132170122
2019-09-06,0.02263294203670477
2019-09-09,0.01615956738769786
2019-09-10,0.01047570452598286
2019-09-11,0.016251271551223564
2019-09-12,0.007289097750606905
2019-09-16,-0.012259951516496954
2019-09-17,-0.010392680838960645
2019-09-18,0.00191742584928003
2019-09-19,0.002974508537764084
2019-09-20,0.005486334849661935
2019-09-23,-0.004535373116253569
2019-09-24,-0.017400122264107927
2019-09-25,-0.008680344947735093
2019-09-26,-7.778910948778861e-05
2019-09-27,-0.0010899036465496766
2019-10-08,-0.01298327897243298
2019-10-09,0.0011480045999069787
2019-10-10,0.011879734792434498
2019-10-11,0.026361137529789334
2019-10-14,-0.00990642884279519
2019-10-15,0.0052859297582235325
2019-10-16,-0.0006517770737388548
2019-10-17,0.006082248271353545
2019-10-18,-0.007639484737820017
2019-10-21,0.002742988106338966
2019-10-22,0.00045845526466485305
2019-10-23,0.0028307161577978777
2019-10-24,0.019056459283689504
2019-10-25,-0.005860517790254778
2019-10-28,0.00425893515052754
2019-10-29,-0.007302790047112661
2019-10-30,0.0068716734045987625
2019-10-31,-0.00603131120324174
2019-11-01,0.034369635351602326
2019-11-04,0.027090015714550292
2019-11-05,-0.004950172244621191
2019-11-06,-0.007086781937123586
2019-11-07,0.019266351237224717
2019-11-08,-0.009165810647964475
2019-11-11,-0.0028223964317279186
2019-11-12,-0.02294919697250386
2019-11-13,-0.010990627897479573
2019-11-14,-0.003281854316433652
2019-11-15,0.004452985431270144
2019-11-18,-0.008826568537432255
2019-11-19,0.0015723119115520368
2019-11-20,-0.02291155953456795
2019-11-21,0.005237678627720893
2019-11-22,-0.003142019994239229
2019-11-25,0.0028835751126728877
2019-11-26,0.00685130378086897
2019-11-27,0.004272510184164941
2019-11-29,-0.015259835547441094
2019-12-02,0.008327495479989623
2019-12-03,-0.02680160324095196
2019-12-04,0.000567383766339969
2019-12-05,-4.262779125092757e-05
2019-12-06,0.00798046741405977
2019-12-09,-0.004942726551762701
2019-12-10,0.005950863241242395
2019-12-11,0.014188842323876311
2019-12-12,0.02209708518294987
2019-12-13,-0.012819997093783156
2019-12-16,0.013161702753072095
2019-12-17,0.0008292811459484784
2019-12-18,0.0035002783587390926
2019-12-19,0.005241875897745224
2019-12-20,0.00750227144977668
2019-12-23,0.0018174626385500329
2019-12-24,-0.024200584167982323
2019-12-26,0.014944351376223321
2019-12-27,-0.028351088811167168
2019-12-30,0.004204704369829615
2019-12-31,0.005978981037201986
2020-01-02,0.017621489489621237
2020-01-03,-0.01869754316471592
2020-01-06,0.006761106676264259
2020-01-07,0.009390586096465103
2020-01-08,-0.018507689467629044
2020-01-09,0.008488961183405794
2020-01-10,-0.01556715594320216
2020-01-13,0.05355002810542667
2020-01-14,0.024622526151877988
2020-01-15,0.005557738626726894
2020-01-16,0.00674189050284351
2020-01-17,0.007833694327721793
2020-01-21,-0.009297419899817187
2020-02-03,0.03583887116156999
2020-02-04,0.08523881363012653
2020-02-05,-0.0292857334050747
2020-02-06,-0.004584594546689472
2020-02-07,-0.025837436642722287
2020-02-10,0.01583897419639802
2020-02-11,0.022983574117358734
2020-02-12,0.02366430604766105
2020-02-13,-0.0023012731444692794
2020-02-14,-0.0019606957525380273
2020-02-17,0.013193834335667811
2020-02-18,-0.010208769985377349
2020-02-19,0.021688429863000482
2020-02-20,0.02354395308823702
2020-02-21,-0.0209482308007211
2020-02-24,-0.059037302189593355
2020-02-25,-0.005587462056680391
2020-02-26,-0.006735243548700832
2020-02-27,-0.06156858217967679
2020-02-28,-0.004642035492135193
2020-03-02,0.04070429012211864
2020-03-03,-0.00688517166252729
2020-03-04,0.02576697203308199
2020-03-05,-0.016519358912639493
2020-03-06,-0.024221976159493258
2020-03-09,-0.09933206337397571
2020-03-10,0.03268170501556961
2020-03-11,-0.05265707271709349
2020-03-12,-0.10558437917877432
2020-03-13,0.026877779943372405
2020-03-16,-0.13454551579326984
2020-03-17,0.05187979052092723
2020-03-18,-0.07861117391748186
2020-03-19,-0.011756024251154015
2020-03-20,-0.025582637152726777
2020-03-23,-0.030609834666970325
2020-03-24,0.14739967757443806
2020-03-25,0.0704258161964241
2020-03-26,0.015634982570568102
2020-03-27,-0.056535637811789954
2020-03-30,0.019259005808611684
2020-03-31,-0.0021520522489742455
2020-04-01,-0.05764835226810913
2020-04-02,0.012244689045335317
2020-04-03,-0.031099586828189887
2020-04-07,0.01818078331749589
2020-04-08,0.030510936291059654
2020-04-09,0.03391392113683782
2020-04-13,-0.006417743195377103
2020-04-14,0.03453095311327829
2020-04-15,-0.044718566100429666
2020-04-16,0.018788625040413585
2020-04-17,0.029626066924249538
2020-04-20,-0.015483244144286609
2020-04-21,-0.04095063931831522
2020-04-22,0.02861795292440072
2020-04-23,0.0007070464928846136
2020-04-24,-0.0011401176070711932
2020-04-27,0.03615444575072971
2020-04-28,0.003693594681949488
2020-04-29,0.036430675053601855
2020-04-30,-0.019365089366322932
2020-05-06,-0.005363940229512042
2020-05-07,0.014012829607544594
2020-05-08,0.035580120515782014
2020-05-11,-0.0026940302392876
2020-05-12,-0.04866238353258206
2020-05-13,0.006424039251597905
2020-05-14,-0.0010668642293826165
2020-05-15,-0.006616855420969949
2020-05-18,0.05402287613462918
2020-05-19,-0.00012336806184752493
2020-05-20,0.029614597027052818
2020-05-21,0.0075580041887133255
2020-05-22,-0.019376764991118373
2020-05-26,0.051140922365676376
2020-05-27,0.00960114051940737
2020-05-28,0.0012360780546723698
2020-05-29,0.0030677639270384233
2020-06-01,0.029247414621022743
2020-06-02,-0.001078334578262015
2020-06-03,0.024793571565237017
2020-06-04,0.0026993296454309594
2020-06-05,0.030688269735393063
2020-06-08,0.03854416979153982
2020-06-09,-0.01521753003282363
2020-06-10,0.005250688518799232
2020-06-11,-0.07180905551280285
2020-06-12,0.01656468167694234
2020-06-15,-0.015597486374791308
2020-06-16,0.030228330820483967
2020-06-17,-0.005642476004739551
2020-06-18,0.006881272592786642
2020-06-19,0.009924338935735544
2020-06-22,-0.0017022221164984357
2020-06-23,0.011721228661367036
2020-06-24,-0.016071711366692016
2020-06-29,0.00799136592687648
2020-06-30,0.005987275309042842
2020-07-01,0.00750598180760096
2020-07-02,0.013593574347340482
2020-07-06,0.07845650512233698
2020-07-07,0.007935069738894851
2020-07-08,0.014139417665206854
2020-07-09,-0.0017471532281244898
2020-07-10,0.03679395306944108
2020-07-13,0.02618208617785458
2020-07-14,-0.01287493036361088
2020-07-15,0.011780777891179935
2020-07-16,-0.0482571556155253
2020-07-17,-0.0008356302277574426
2020-07-20,0.022922669965814407
2020-07-21,0.00023739503220565101
2020-07-22,-0.0007438086530821724
2020-07-23,0.004173954802187816
2020-07-24,-0.04371317047786781
2020-07-27,0.005250085567259405
2020-07-28,0.0017382203667018988
2020-07-29,0.020657384922188937
2020-07-30,-0.008331632333358862
2020-07-31,0.014566214602083705
2020-08-03,0.04126328759274162
2020-08-04,0.0007436527509709698
2020-08-05,0.017894058568465786
2020-08-06,0.002113701095739301
2020-08-07,-0.004253842633736965
2020-08-10,0.0040280004597399366
2020-08-11,0.0006491608748963502
2020-08-12,0.014046601062813496
2020-08-13,-0.006819507953133877
2020-08-14,-0.006047471258844021
2020-08-17,0.01401906148569197
2020-08-18,-0.0038476021660627893
2020-08-19,-0.01846309159638551
2020-08-20,-0.029861451537953172
2020-08-21,0.01234660490279621
2020-08-24,0.019531045902850402
2020-08-25,0.00848493424200312
2020-08-26,-0.0003309665982130345
2020-08-27,0.010889730270171573
2020-08-28,0.008242982625333045
2020-08-31,-0.0041775876171070165
2020-09-01,0.026961045059526848
2020-09-02,0.0004872800039480425
2020-09-03,-0.0434828136366247
2020-09-04,0.0037564927792547607
2020-09-08,-0.045160742120621246
2020-09-09,0.011044487300779702
2020-09-10,-0.01414955863245975
2020-09-11,0.013181901509523326
2020-09-14,0.039289437555850744
2020-09-15,0.04020865391814698
2020-09-16,-0.0036879664865230983
2020-09-17,0.006639406368875247
2020-09-18,0.00739502561237275
2020-09-21,-0.014438403421656223
2020-09-22,-0.011883684760707032
2020-09-23,-0.04768461074694633
2020-09-24,-0.014344354030648763
2020-09-25,0.011103910035074344
2020-09-28,0.020722373754579977
2020-09-29,0.025759767384794952
2020-10-12,0.003409337478415946
2020-10-13,-0.0012894297898087743
2020-10-14,0.008267167530187844
2020-10-15,-0.0011110695632039935
2020-10-16,-0.01695627955058984
2020-10-19,-0.014105599327845017
2020-10-20,0.026847467386403964
2020-10-21,-0.008146827414477118
2020-10-22,0.007326204698084968
2020-10-23,-0.009330826215499443
2020-10-26,0.0041556383927960515
2020-10-27,0.02082991040004814
2020-10-28,-0.018136560235689818
2020-10-29,0.02491267710575974
2020-10-30,0.009016267750037376
2020-11-02,0.027437503804682142
2020-11-03,0.013724549683241716
2020-11-04,0.011580198997875166
2020-11-05,0.09045052479379576
2020-11-06,-0.010857447427069001
2020-11-09,0.029250958254306205
2020-11-10,-0.025634553570137067
2020-11-11,-0.012120403313921075
2020-11-12,0.012939252510778255
2020-11-13,0.01857066936449503
2020-11-16,0.026544631459857103
2020-11-17,-0.015374925641209711
2020-11-18,-0.0015005304560808137
2020-11-19,0.011433378672942567
2020-11-20,0.03174874178310223
2020-11-23,0.019731714253768164
2020-11-24,0.03387544336595576
2020-11-25,-0.02778634602627548
2020-11-27,0.006273964816095818
2020-11-30,-0.018947925487823186
2020-12-01,0.041712599983023305
2020-12-02,-0.00023070590730828872
2020-12-03,-0.014330047864614207
2020-12-04,0.020014031399052057
2020-12-07,0.04072490483193468
2020-12-08,0.01338981255837455
2020-12-09,-0.02447901970838846
2020-12-10,0.0302503717047301
2020-12-11,-0.028816120677379715
2020-12-14,0.02352095259162886
2020-12-15,0.028751372575987644
2020-12-16,-0.00398950933044198
2020-12-17,0.0016536733312269686
2020-12-18,0.014679215341922638
2020-12-21,0.032034684480040154
2020-12-22,0.007959293473360628
2020-12-23,0.031138024185062497
2020-12-24,-0.009137384512687932
2020-12-28,0.039265751756709544
2020-12-29,-0.017871926596722498
2020-12-30,0.038022781996287086
2020-12-31,0.0013322304495724828
2021-01-04,0.06599268550820864
2021-01-05,0.09666223218879286
2021-01-06,-0.014895571573616814
2021-01-07,0.052955021378525355
2021-01-08,-0.01877142733681809
2021-01-11,-0.005543330502151899
2021-01-12,0.028883626043228826
2021-01-13,-0.028903883865414554
2021-01-14,0.0021741339289763316
2021-01-15,-0.0008748888839824193
2021-01-19,0.02950936656697637
2021-01-20,0.03027410065509657
2021-01-21,-0.0023178785237427304
2021-01-22,0.024246999010634027
2021-01-25,0.015399529733491422
2021-01-26,0.0037929084170030894
2021-01-27,-0.024929676932101498
2021-01-28,-0.019230172150405588
2021-01-29,-0.04326883721556528
2021-02-01,0.019325631756510496
2021-02-02,0.04203398750782006
2021-02-03,-0.003842931816526166
2021-02-04,-0.01818900456383148
2021-02-05,-0.00563790524940507
2021-02-22,-0.010122080358379498
2021-02-23,-0.005304969464897877
2021-02-24,0.029751907417940322
2021-02-25,-0.06338046024887935
2021-02-26,-0.008333632222761097
2021-03-01,0.040976318402546695
2021-03-02,-0.006027357764411658
2021-03-03,-0.0031347253223409713
2021-03-04,-0.07300434308079358
2021-03-05,0.026127311281817625
2021-03-08,-0.06162472193883648
2021-03-09,0.04762893232676335
2021-03-10,0.0057128928569527655
2021-03-11,0.06164193890996716
2021-03-12,-0.018747732049200525
2021-03-15,-0.0046812312536174665
2021-03-16,-0.010377292862958739
2021-03-17,0.01694399543079214
2021-03-18,-0.0010726093581332682
2021-03-19,0.0003460619364270205
2021-03-22,0.0008441443322436772
2021-03-23,-0.05484110911457002
2021-03-24,-0.02635371677870785
2021-03-25,0.02224073738162893
2021-03-26,0.03517353957588581
2021-03-29,-0.02039269798283682
2021-03-30,0.014661575963278908
2021-03-31,0.008754679211001834
2021-04-01,0.022653713710411763
2021-04-06,-0.008155242137188944
2021-04-07,-0.019889357294591
2021-04-08,-0.004315025937779116
2021-04-09,0.0013326155067122456
2021-04-12,-0.015343887428328954
2021-04-13,0.032468457166844863
2021-04-14,0.0071610227801481505
2021-04-15,0.010546748621359335
2021-04-16,-0.010021328499424404
2021-04-19,0.03384550150939836
2021-04-20,-0.02205649681487374
2021-04-21,0.016285434810071723
2021-04-22,-0.00678265295696746
2021-04-23,0.021638782556765462
2021-04-26,0.006298314746960507
2021-04-27,-0.010633466274793214
2021-04-28,0.007969730794712806
2021-04-29,-0.002645713309908146
2021-04-30,0.0042143767833416595
2021-05-06,-0.01589940619997055
2021-05-07,0.002659248794048622
2021-05-10,-0.009051096108679869
2021-05-11,-0.016963974138959313
2021-05-12,-0.02958554242846288
2021-05-13,-0.0009561989166064638
2021-05-14,0.03237456117313631
2021-05-17,0.0007867609662172356
2021-05-18,0.006836840811703588
2021-05-19,0.0063035916827886805
2021-05-20,0.013199172696410298
2021-05-21,-0.0016472620809297772
2021-05-24,0.010537170238941514
2021-05-25,0.012364390750735078
2021-05-26,0.0006232776141863942
2021-05-27,0.012780219952522818
2021-05-28,0.02538503411601233
2021-06-01,0.02289555031891587
2021-06-02,0.0031010875490597705
2021-06-03,-0.014849581052033009
2021-06-04,0.028904085014944614
2021-06-07,-0.005983680648048063
2021-06-08,-0.005955388824842167
2021-06-09,-0.003584999054623155
2021-06-10,0.014602672088338422
2021-06-11,0.01830811971292528
2021-06-15,-0.0080297322185795
2021-06-16,-0.03880498370397123
2021-06-17,0.01637568545264377
2021-06-18,0.00506006268645597
2021-06-21,0.0067543343266354364
2021-06-22,-0.0013940421795994766
2021-06-23,0.010908944939714567
2021-06-24,0.003983149848890628
2021-06-25,0.013749889239752029
2021-06-28,0.016864924396812433
2021-06-29,-0.002695900262130878
2021-06-30,0.007899459423630226
2021-07-01,-0.007595464186617386
2021-07-02,0.0007168303432389526
2021-07-05,-0.00014495353768264832
2021-07-06,0.010780636099427211
2021-07-07,0.03507152519844986
2021-07-08,0.005577508044460531
2021-07-09,0.031125340141850956
2021-07-12,0.04304715932096361
2021-07-13,-0.012403247749932329
2021-07-14,-0.023441011509143767
2021-07-15,0.014747799424602187
2021-07-16,-0.03214726824633562
2021-07-19,-0.020745239177751708
2021-07-20,0.031043044015904745
2021-07-21,0.04551544209273194
2021-07-22,0.002809133149600875
2021-07-23,-0.017182809912374728
2021-07-26,0.026490868195750875
2021-07-27,-0.05738910587645808
2021-07-28,0.053128353091633634
2021-07-29,0.03397727004170986
2021-07-30,0.014070906041612832
2021-08-02,-0.008643001267494652
2021-08-03,0.007715234906837717
2021-08-04,0.029253965650122032
2021-08-05,0.003197724939109053
2021-08-06,0.005394658324682871
2021-08-09,0.018271809652264555
2021-08-10,0.0063102869634676295
2021-08-11,0.012841946735878249
2021-08-12,0.003413575318302827
2021-08-13,-0.005189553831197402
2021-08-16,-0.03411799412261389
2021-08-17,-0.016079853403346524
2021-08-18,0.021880196153748515
2021-08-19,-0.002298673141536426
2021-08-20,-8.29419819399998e-05
2021-08-23,0.04771851334692838
2021-08-24,0.019054693307350875
2021-08-25,0.012708314041333935
2021-08-26,-0.02314821366849252
2021-08-27,0.02030345913447306
2021-08-30,0.017085074986491634
2021-08-31,0.00886035214628451
2021-09-01,0.0009422341791185257
2021-09-02,0.004715306496272031
2021-09-03,-0.013088695728212377
2021-09-07,0.042591432282573546
2021-09-08,-0.002853614772925686
2021-09-09,0.019600700453274264
2021-09-10,0.012657527630732947
2021-09-13,-0.007075111306213744
2021-09-14,0.025325025535978422
2021-09-15,0.025800753161848697
2021-09-16,-0.02479843954353738
2021-09-17,0.002634503860909217
2021-09-22,0.049139114586199975
2021-09-23,0.011240164901294513
2021-09-24,-0.001426367625345342
2021-09-27,0.023172682138336117
2021-09-28,-0.033606806606934755
2021-09-29,-0.008828751471876548
2021-10-11,0.011037433872296571
2021-10-12,-0.01197508983751256
2021-10-13,0.04466892843564335
2021-10-14,0.009577425482349713
2021-10-15,0.014107584612941267
2021-10-18,0.029030929253549928
2021-10-19,0.0045862228337251116
2021-10-20,0.0013763577688337605
2021-10-21,-0.0002710380165153268
2021-10-22,-0.01897819574649418
2021-10-25,0.06152212826162458
2021-10-26,-0.01748725068385754
2021-10-27,-0.0029457505115034763
2021-10-28,0.00825432645260667
2021-10-29,0.010963076492457065
2021-11-01,-0.0007072283347942924
2021-11-02,0.0074853745245218855
2021-11-03,0.0022610105939013555
2021-11-04,0.020151652740731697
2021-11-05,-0.01453605481333159
2021-11-08,0.03172990457651596
2021-11-09,-0.014540974759933397
2021-11-10,-0.013066350780070558
2021-11-11,0.03481262639641963
2021-11-12,-0.003639309622032021
2021-11-15,-0.028237739489987077
2021-11-16,-0.007699828048064476
2021-11-17,0.017860778528775045
2021-11-18,-0.007243507981132496
2021-11-19,0.010283000916126533
2021-11-22,0.027416430018094018
2021-11-23,-0.005880458007460027
2021-11-24,-0.007065502411017059
2021-11-26,-0.02329680698243943
2021-11-29,0.0201499840790755
2021-11-30,-0.011200118405555536
2021-12-01,-0.006586561800972862
2021-12-02,0.012742841851856286
2021-12-03,-0.033005012316986174
2021-12-06,-0.007837288394042186
2021-12-07,0.004548479917018719
2021-12-08,0.0508126679121097
2021-12-09,-0.018639451515712193
2021-12-10,0.024017974559866546
2021-12-13,-0.015064310415550345
2021-12-14,-0.030609526033492953
2021-12-15,0.011296805068969356
2021-12-16,-0.012485855732529503
2021-12-17,0.018063266546686062
2021-12-20,-0.03789686638071675
2021-12-21,0.013510182339522014
2021-12-22,0.0029266279246251397
2021-12-23,0.033648011275358984
2021-12-27,0.0046348850441207245
2021-12-28,0.025342436061041813
2021-12-29,-0.009136611507711404
2021-12-30,0.018857979411745787
2021-12-31,0.0057434621101244395
2022-01-04,-0.017346379838659248
2022-01-05,-0.03787837344724166
2022-01-06,0.0199418112683213
2022-01-07,0.008594751252224923
2022-01-10,-0.002554094106184353
2022-01-11,0.035793811455040334
2022-01-12,0.048121651252616686
2022-01-13,-0.02335410807997754
2022-01-14,-0.0065041018093790065
2022-01-18,0.006065297037323433
2022-01-19,-0.00875442005980728
2022-01-20,0.009779024274711627
2022-01-21,-0.004565200325712018
2022-01-24,0.012665689353559995
2022-01-25,-0.03485358236834671
2022-01-26,-0.0018518711335363239
2022-01-27,-0.03785149524057895
2022-01-28,0.031197358891465014
2022-02-07,-0.002145196366589434
2022-02-08,-0.021666700985426498
2022-02-09,0.040020381696209556
2022-02-10,-0.03537862855741575
2022-02-11,-0.0030155818726597464
2022-02-14,-0.006221925079958342
2022-02-15,0.05449391007716241
2022-02-16,0.01912021822823064
2022-02-17,-0.019986575865297472
2022-02-18,-0.019549660198093826
2022-02-22,-0.02331609248716389
2022-02-23,0.028964062213922778
2022-02-24,-0.006290215769223613
2022-02-25,0.038952031129620285
2022-02-28,0.020292465771756293
2022-03-01,-0.032292812446432444
2022-03-02,0.014327978706693091
2022-03-03,-0.018265571651467933
2022-03-04,-0.032553857033757336
2022-03-07,-0.053294618458214246
2022-03-08,-0.004513436527585679
2022-03-09,0.03079195278908068
2022-03-10,0.009111072753290149
2022-03-11,-0.021439503749363285
2022-03-14,-0.041180497701208414
2022-03-15,0.02705380776147028
2022-03-16,0.06954877262344923
2022-03-17,0.010084885360054594
2022-03-18,0.01695684559308441
2022-03-21,4.882946782181017e-05
2022-03-22,0.017956306653482
2022-03-23,-0.006853471749919397
2022-03-24,0.018059839782611622
2022-03-25,-0.012742645604660848
2022-03-28,-0.011324841034623214
2022-03-29,0.021873580578706572
2022-03-30,0.014896071371450869
2022-03-31,-0.006830815531634533
2022-04-01,0.016083751780294343
2022-04-06,-0.027367266617907213
2022-04-07,-0.006241080260094296
2022-04-08,-0.00912955946309706
2022-04-11,-0.0714294580714018
2022-04-12,0.005596190816159259
2022-04-13,0.027517824983318596
2022-04-14,-0.005988347457058798
2022-04-18,-0.004112526595622098
2022-04-19,0.01503345228540982
2022-04-20,-0.033224364237346767
2022-04-21,-0.03165789632540944
2022-04-22,-0.02374784704475003
2022-04-25,-0.043837882828330545
2022-04-26,-0.049612554045515816
2022-04-27,0.037598181058208
2022-04-28,0.01002830423503177
2022-04-29,0.010228948618815077
2022-05-05,-0.03684344261970654
2022-05-06,0.0038141909468453
2022-05-09,-0.05710185974205355
2022-05-10,0.019650008084298905
2022-05-11,0.0049607638171888235
2022-05-12,-0.006519967932672025
2022-05-13,0.05038609986935192
2022-05-16,-0.012200157032191464
2022-05-17,0.05698544078430749
2022-05-18,-0.01847482070206584
2022-05-19,0.03282294039799723
2022-05-20,0.0003112439362945858
2022-05-23,0.013634112518532556
2022-05-24,-0.0210068313885404
2022-05-25,-0.006156918653020675
2022-05-26,0.04110666552126496
2022-05-27,0.03077197411517155
2022-05-31,-0.016374640157109877
2022-06-01,-0.02446500788354375
2022-06-02,0.042262225815504414
2022-06-06,0.04469434259270324
2022-06-07,-0.0024864447130922007
2022-06-08,-0.013097903542844251
2022-06-09,-0.04170882251786246
2022-06-10,0.0014816756175214257
2022-06-13,-0.02197007079475929
2022-06-14,0.01882814324014015
2022-06-15,0.002273623320060228
2022-06-16,-0.0318317411526484
2022-06-17,0.03690995194963271
2022-06-21,0.020644900471813648
2022-06-22,-0.014970590323046118
2022-06-23,0.01421397977355427
2022-06-24,0.02824423617870311
2022-06-27,0.00626895542359177
2022-06-28,-0.012589532892866613
2022-06-29,-0.040552885791529165
2022-06-30,0.002707349758960164
2022-07-01,-0.011622714750359128
2022-07-05,0.004743161020553475
2022-07-06,-0.0024474078479858165
2022-07-07,0.044565808675260866
2022-07-08,-0.004452044280788169
2022-07-11,-0.05057142709438484
2022-07-12,-0.02773132850521734
2022-07-13,0.01527484703724048
2022-07-14,0.015599515753270354
2022-07-15,-0.0009065743875427073
2022-07-18,0.00498747091962311
2022-07-19,0.007640861635584654
2022-07-20,0.001248236297979159
2022-07-21,0.01624405938109863
2022-07-22,-0.01280646827458561
2022-07-25,0.00756457360425178
2022-07-26,-0.006142851571420256
2022-07-27,0.027063794895444096
2022-07-28,0.0020168631514149256
2022-07-29,6.358499848521085e-05
2022-08-01,0.014430924791899124
2022-08-02,-0.0019848598049693237
2022-08-03,-0.00514421011477476
2022-08-04,0.004115457447043199
2022-08-05,0.009559462583182857
2022-08-08,0.013142974763565886
2022-08-09,0.00046322687271403934
2022-08-10,0.02331989887161798
2022-08-11,0.005967956714532314
2022-08-12,0.02834192140749745
2022-08-15,0.011753626247335874
2022-08-16,-0.013366978583111998
2022-08-17,-0.008626169218651404
2022-08-18,-0.008295393105770888
2022-08-19,-0.0352261797444306
2022-08-22,0.023167954869401486
2022-08-23,0.02137567029401046
2022-08-24,-0.009209716816621
2022-08-25,-0.0006167549745585768
2022-08-26,-0.02428189872811356
2022-08-29,-0.008454151561223346
2022-08-30,-0.019850675287097042
2022-08-31,-0.011528863759762338
2022-09-01,-0.019332354864998846
2022-09-02,-0.0062902687034745025
2022-09-06,0.011759311403013154
2022-09-07,0.02893085217163755
2022-09-08,0.007370007328162089
2022-09-09,0.024953011031646002
2022-09-13,-0.018079913761582193
2022-09-14,0.012645460046009572
2022-09-15,-0.03585259716347626
2022-09-16,-0.007727489038178766
2022-09-19,0.01818352847965581
2022-09-20,-0.006229387129141468
2022-09-21,-0.013031387392194314
2022-09-22,-0.016795516100622587
2022-09-23,-0.035473328627497844
2022-09-26,-0.001851090958900587
2022-09-27,0.013118526158835866
2022-09-28,-0.0011603800287287719
2022-09-29,-0.02702354539405297
2022-10-10,-0.008676347560287505
2022-10-11,0.012352393760171556
2022-10-12,-0.01480228935205264
2022-10-13,0.019000285799279995
2022-10-14,-0.01975424091775029
2022-10-17,0.023292987801091236
2022-10-18,0.0023151499298615205
2022-10-19,0.0007952689364782357
2022-10-20,-0.009696298339027696
2022-10-21,0.0599632649756848
2022-10-24,-0.030760789762964334
2022-10-25,0.019512568650317405
2022-10-26,0.02284254720075174
2022-10-27,-0.019447362060348534
2022-10-28,-0.016391289870135252
2022-10-31,-8.699257828414771e-05
2022-11-01,0.033824062335803415
2022-11-02,-0.0270059254745759
2022-11-03,0.021043782220273005
2022-11-04,0.06068032807411635
2022-11-07,-0.008970548240500963
2022-11-08,0.021448672014512168
2022-11-09,-0.04176899176858595
2022-11-10,0.04752872606700345
2022-11-11,0.030913191193744534
2022-11-14,-0.027333122787338
2022-11-15,-0.017814742781253126
2022-11-16,-0.026421481851239093
2022-11-17,-0.020183056372038762
2022-11-18,-0.011753870807619787
2022-11-21,-0.004819717383851729
2022-11-22,-0.004152656967827043
2022-11-23,0.015361285282714774
2022-11-25,-0.03460190788914543
2022-11-28,-0.01467937142343192
2022-11-29,0.01735351085796716
2022-11-30,0.051269423423143376
2022-12-01,-0.002599809529197182
2022-12-02,0.009495830654731289
2022-12-05,-0.044334113173619516
2022-12-06,-0.028769915293171387
2022-12-07,0.023813341827800455
2022-12-08,0.0025828793889509675
2022-12-09,-0.01724967515501086
2022-12-12,-0.007197441157754635
2022-12-13,-0.0057775774750310665
2022-12-14,-0.019843550163198588
2022-12-15,-0.012494221579052604
2022-12-16,-0.02002517539997281
2022-12-19,-0.007551508450230188
2022-12-20,-0.007560281513088432
2022-12-21,-0.011634455405754873
2022-12-22,-0.03504519271372651
2022-12-23,-0.02760853123792223
2022-12-27,-0.01063775978054703
2022-12-28,-0.008584289839372632
2022-12-29,0.008209542257200244
2022-12-30,-0.008669109052249864
2023-01-03,-0.007896600982138714
2023-01-04,0.008097594317703684
2023-01-05,-0.012630609582814709
2023-01-06,0.024595305054876587
2023-01-09,0.007712838151543534
2023-01-10,0.017784771753401665
2023-01-11,0.019977659289267022
2023-01-12,0.02918646929785914
2023-01-13,-0.01378804153099382
2023-01-17,-0.00045349004620761583
2023-01-18,-0.0036872281326402008
2023-01-30,-0.017626961062019785
2023-01-31,0.00520984177794695
2023-02-01,0.008143326223586416
2023-02-02,-0.0018933488012485358
2023-02-03,-0.0427990611164928
2023-02-06,-0.004045698169150805
2023-02-07,0.006227532640590521
2023-02-08,-0.009777445099203575
2023-02-09,-0.0008154928894054036
2023-02-10,-0.026880903965744274
2023-02-13,0.015095695645281038
2023-02-14,0.0020691809217862358
2023-02-16,-0.035728404043642935
2023-02-17,-0.036772277505561834
2023-02-21,-0.03515111178103485
2023-02-22,-0.02349724098856721
2023-02-23,-0.007958561116439403
2023-02-24,-0.02655301688737778
2023-02-27,0.026698290802082268
2023-02-28,-0.022306274700145255
2023-03-01,-0.007121234287486492
2023-03-02,-0.01142077728506884
2023-03-03,0.029937168591110914
2023-03-06,-0.0004433292289462206
2023-03-07,-0.054406843666506735
2023-03-08,-0.014308058254199762
2023-03-09,-0.038635068326697955
2023-03-10,-0.031237561710334406
2023-03-13,0.005874241123690572
2023-03-14,-0.016734465868775535
2023-03-15,-0.030391801471760196
2023-03-16,0.014112622324946656
2023-03-17,-0.02663587184454603
2023-03-20,-0.003882896746453512
2023-03-21,0.01425576586462473
2023-03-22,-0.01758232159240486
2023-03-23,-0.007298661720671597
2023-03-24,-0.01645140417552825
2023-03-27,-0.005810784136133574
2023-03-28,-0.00024413818472928013
2023-03-29,0.014970592886471172
2023-03-30,-0.009000667839233485
2023-03-31,-0.004893541048600694
2023-04-03,-0.011607713625968203
2023-04-04,-0.03283471485926463
2023-04-06,0.009807695041868951
2023-04-10,0.00229303231621545
2023-04-11,0.0013711005804408326
2023-04-12,-0.012829904270297735
2023-04-13,0.0023339222597355234
2023-04-14,-0.013766518666807392
2023-04-17,-0.0017710199507251431
2023-04-18,-0.005062141650483542
2023-04-19,-0.013626099196204727
2023-04-20,-0.013944993590001953
2023-04-21,-0.045684944130397774
2023-04-24,-0.0079726321255572
2023-04-25,-0.023354193051989845
2023-04-26,0.028306320567745943
2023-04-27,0.03823774691728753
2023-04-28,0.014174844647075358
2023-05-04,-0.014852685179146872
2023-05-05,0.043931174956762416
2023-05-08,0.043789676896361304
2023-05-09,-0.0007902270315644838
2023-05-10,0.022419464231417614
2023-05-11,0.015827859981222388
2023-05-12,-0.03015672950495557
2023-05-15,0.07651167406015137
2023-05-16,0.017625615686194127
2023-05-17,0.031685714839185614
2023-05-18,0.023898981714327656
2023-05-19,0.02894348084247116
2023-05-22,0.049546589963409646
2023-05-23,-0.0010121986683874415
2023-05-24,-0.04689083146157964
2023-05-25,-0.024266435985290158
2023-05-26,0.007978113020994777
2023-05-30,-0.0004100897712014896
2023-05-31,-0.00566580119815551
2023-06-01,0.011174602552481434
2023-06-02,0.05472176567607717
2023-06-05,-0.004050437511925866
2023-06-06,0.0038463087509967835
2023-06-07,-0.01521685767372748
2023-06-08,0.03216144934334592
2023-06-09,0.005842820285709254
2023-06-12,-0.0004971275609723545
2023-06-13,0.015439048629065158
2023-06-14,-0.00585374798028066
2023-06-15,0.01852996887980341
2023-06-16,0.003723481443865477
2023-06-20,-0.013116185343467087
2023-06-21,-0.015281215664225212
2023-06-26,0.004632019253394299
2023-06-27,0.009470640973336598
2023-06-28,0.0008825047497651433
2023-06-29,0.0011744727501792947
2023-06-30,0.023432242919056906
2023-07-03,0.02703989188843011
2023-07-05,-0.0012144232264293968
2023-07-06,-0.01891404338685356
2023-07-07,0.018628687145080473
2023-07-10,0.011262356682663675
2023-07-11,0.0034593254680097786
2023-07-12,0.0051013152785716045
2023-07-13,-0.004944403374119635
2023-07-14,-0.004555804601219295
2023-07-17,-0.006702334287829714
2023-07-18,-0.01006102621775337
2023-07-19,0.0014313504355559295
2023-07-20,-0.01176128359947148
2023-07-21,-0.03684512998601883
2023-07-24,0.008528590097206879
2023-07-25,-0.011805351153938673
2023-07-26,0.0006335880717095177
2023-07-27,-0.03473884325829464
2023-07-28,0.009855729414248109
2023-07-31,0.004847973334872479
2023-08-01,-0.005301414849554809
2023-08-02,-0.025311618964880468
2023-08-03,0.006653537169828117
2023-08-04,-0.007605020096144992
2023-08-07,-0.011013358645900388
2023-08-08,-0.026833810176510316
2023-08-09,-0.01754492111241515
2023-08-10,0.00984311940396548
2023-08-11,-0.015318428052043944
2023-08-14,-0.04441740521914733
2023-08-15,-0.036575281225866695
2023-08-16,-0.023915268982164832
2023-08-17,-0.005952456004624325
2023-08-18,-0.04095699592656178
2023-08-21,-0.005862370996922429
2023-08-22,0.015582308556598002
2023-08-23,0.01570235558080192
2023-08-24,-0.008713490598428072
2023-08-25,-0.0006550207047881403
2023-08-28,0.001759374018382314
2023-08-29,0.03094210662900533
2023-08-30,-0.021154087832465446
2023-08-31,-0.000906225491138541
2023-09-01,0.010184913389236466
2023-09-05,0.010331423922757883
2023-09-06,-0.02900250045894435
2023-09-07,-0.011298658381607037
2023-09-08,-0.014601513565411586
2023-09-11,-0.014369741408084067
2023-09-12,-0.01668796851975296
2023-09-13,-0.01686871842139063
2023-09-14,0.011873369893902011
2023-09-18,-0.050229491281459926
2023-09-19,0.01688130142601323
2023-09-20,-0.03768761493849296
2023-09-21,-0.023667187391908248
2023-09-22,0.010160123796882768
2023-09-25,-0.006675186225872799
2023-09-26,-0.01877289056259812
2023-09-27,0.005968931173020239
2023-10-09,-0.005588980521570104
2023-10-10,0.030615731708453702
2023-10-11,-0.0005159455227702294
2023-10-12,0.018559769017397733
2023-10-13,-0.005744934126896816
2023-10-16,0.01762426396464093
2023-10-17,0.009764339578139766
2023-10-18,-0.052574515193127704
2023-10-19,-0.04859640190259458
2023-10-20,-0.012699079409810281
2023-10-23,-0.02859729729588463
2023-10-24,0.03572472666172964
2023-10-25,-0.009495758310481127
2023-10-26,-0.026280371568367364
2023-10-27,-0.0012354070538343805
2023-10-30,0.0012395969148124705
2023-10-31,-0.012744455732659879
2023-11-01,-0.005855049094969942
2023-11-02,0.01855689572242455
2023-11-03,0.02611027165284985
2023-11-06,-9.454173501651127e-05
2023-11-07,-0.03523383220629689
2023-11-08,-0.010539486281979846
2023-11-09,-0.0075281308002833475
2023-11-10,-0.021598630776444302
2023-11-13,0.019086932619311082
2023-11-14,0.029889873899192974
2023-11-15,-0.014359298742692338
2023-11-16,-0.05252117904408497
2023-11-17,0.012779956554883714
2023-11-20,0.030795728585606183
2023-11-21,-0.022486773356993145
2023-11-22,-0.02549432791434727
2023-11-24,-0.015278098216323258
2023-11-27,-0.03440728906930843
2023-11-28,-0.01820372495815156
2023-11-29,-0.003992739760611613
2023-11-30,-0.007310468813601352
2023-12-01,-0.0003478561037400449
2023-12-04,-0.05408580911715208
2023-12-05,-0.0481790412401628
2023-12-06,-0.00037243760992413527
2023-12-07,0.051260497890684285
2023-12-08,0.011016452324345484
2023-12-11,-0.004051525549650878
2023-12-12,-0.02997643727614415
2023-12-13,0.01791264343963815
2023-12-14,0.02815563906962212
2023-12-15,-0.0009609020565247619
2023-12-18,-0.004236810488196045
2023-12-19,0.01962228358837003
2023-12-20,-0.03101575952322734
2023-12-21,-0.0011180424745026035
2023-12-22,0.02483539932771475
2023-12-26,0.010205428225014909
2023-12-27,0.0009611154760910822
2023-12-28,0.02559892058788745
2023-12-29,-0.01693176644974018
2024-01-02,-0.016524551299922377
2024-01-03,-0.019566291124732235
2024-01-04,-0.01580614419753394
2024-01-05,-0.00028579712703811165
2024-01-08,0.0018589024003376352
2024-01-09,-0.021286047267494657
2024-01-10,-0.00801355591967544
2024-01-11,0.00930932690860299
2024-01-12,-0.015564277966302355
2024-01-16,-0.017583801209640596
2024-01-17,-0.027304418646609138
2024-01-18,0.007668380668836231
2024-01-19,-0.009272714530622991
2024-01-22,-0.015996788177966095
2024-01-23,0.0034678194526620095
2024-01-24,0.0025072423742738053
2024-01-25,-0.018577480059092974
2024-01-26,0.0016829658012059937
2024-01-29,-0.002479269346520159
2024-01-30,-0.022185420365998396
2024-01-31,-0.021392690239524958
2024-02-01,0.009845403608673491
2024-02-02,-0.03161401886327346
2024-02-05,-0.0034144489061887946
2024-02-06,0.028841305540921902
2024-02-07,0.0023016593803495025
2024-02-20,-0.04099250172816979
2024-02-21,0.01866935786809904
2024-02-22,-0.0005182476524909999
2024-02-23,0.010682049144839544
2024-02-26,0.010241831009268895
2024-02-27,0.03378229339406233
2024-02-28,0.016828426025643224
2024-02-29,0.056686622932105024
2024-03-01,0.024345358072061694
2024-03-04,-0.01143301538538662
2024-03-05,-0.053179791041959926
2024-03-06,0.017732347813890825
2024-03-07,-0.0007985798399844529
2024-03-08,-0.010582572930999483
2024-03-11,0.05354764560930105
2024-03-12,0.02545279248989358
2024-03-13,0.018296477155294925
2024-03-14,-0.03266601618380949
2024-03-15,-0.036799155308077626
2024-03-18,0.03692370335243404
2024-03-19,-0.0022746510900344824
2024-03-20,0.020983490864347695
2024-03-21,-0.003283531838007229
2024-03-22,-0.022104727340676242
2024-03-25,-0.025498085215896842
2024-03-26,-0.014870221058602718
2024-03-27,0.017337634100257727
2024-03-28,0.004880436243410035
2024-04-01,0.009908302765092237
2024-04-02,0.005498483263136233
2024-04-03,0.012816794543448607
2024-04-08,0.03749494186982791
2024-04-09,0.0029378516525746905
2024-04-10,-0.020379428971931613
2024-04-11,-0.006540202276044864
