Date,Price,Open,High,Low,Vol.,Change %
2017-05-10,"123,000.00","123,000.00","127,000.00","119,000.00",,0.00%
2017-05-11,"123,000.00","123,000.00","127,000.00","119,000.00",,0.00%
2017-05-12,"123,000.00","123,000.00","127,000.00","119,000.00",,0.00%
2017-05-15,"123,000.00","123,000.00","127,000.00","119,000.00",,0.00%
2017-05-16,"123,000.00","123,000.00","127,000.00","119,000.00",,0.00%
2017-05-17,"123,000.00","123,000.00","127,000.00","119,000.00",,0.00%
2017-05-18,"123,000.00","123,000.00","127,000.00","119,000.00",,0.00%
2017-05-19,"124,000.00","124,000.00","128,000.00","120,000.00",,0.81%
2017-05-22,"124,000.00","124,000.00","128,000.00","120,000.00",,0.00%
2017-05-23,"124,000.00","124,000.00","128,000.00","120,000.00",,0.00%
2017-05-24,"124,000.00","124,000.00","128,000.00","120,000.00",,0.00%
2017-05-25,"124,000.00","124,000.00","128,000.00","120,000.00",,0.00%
2017-05-26,"124,000.00","124,000.00","128,000.00","120,000.00",,0.00%
2017-05-30,"124,000.00","124,000.00","128,000.00","120,000.00",,0.00%
2017-05-31,"124,000.00","124,000.00","128,000.00","120,000.00",,0.00%
2017-06-01,"124,000.00","124,000.00","128,000.00","120,000.00",,0.00%
2017-06-02,"124,000.00","124,000.00","128,000.00","120,000.00",,0.00%
2017-06-05,"124,000.00","124,000.00","128,000.00","120,000.00",,0.00%
2017-06-06,"124,000.00","124,000.00","128,000.00","120,000.00",,0.00%
2017-06-07,"124,000.00","124,000.00","128,000.00","120,000.00",,0.00%
2017-06-08,"124,000.00","124,000.00","128,000.00","120,000.00",,0.00%
2017-06-09,"124,000.00","124,000.00","128,000.00","120,000.00",,0.00%
2017-06-12,"124,000.00","124,000.00","128,000.00","120,000.00",,0.00%
2017-06-13,"124,000.00","124,000.00","128,000.00","120,000.00",,0.00%
2017-06-14,"124,000.00","124,000.00","128,000.00","120,000.00",,0.00%
2017-06-15,"124,000.00","124,000.00","128,000.00","120,000.00",,0.00%
2017-06-16,"124,000.00","124,000.00","128,000.00","120,000.00",,0.00%
2017-06-19,"124,000.00","124,000.00","128,000.00","120,000.00",,0.00%
2017-06-20,"124,000.00","124,000.00","128,000.00","120,000.00",,0.00%
2017-06-21,"124,000.00","124,000.00","128,000.00","120,000.00",,0.00%
2017-06-22,"124,000.00","124,000.00","128,000.00","120,000.00",,0.00%
2017-06-23,"124,000.00","124,000.00","128,000.00","120,000.00",,0.00%
2017-06-26,"124,000.00","124,000.00","128,000.00","120,000.00",,0.00%
2017-06-27,"124,000.00","124,000.00","128,000.00","120,000.00",,0.00%
2017-06-28,"124,000.00","124,000.00","128,000.00","120,000.00",,0.00%
2017-06-29,"126,000.00","126,000.00","130,000.00","122,000.00",,1.61%
2017-06-30,"126,000.00","126,000.00","130,000.00","122,000.00",,0.00%
2017-07-03,"126,000.00","126,000.00","130,000.00","122,000.00",,0.00%
2017-07-04,"126,000.00","126,000.00","130,000.00","122,000.00",,0.00%
2017-07-05,"126,000.00","126,000.00","130,000.00","122,000.00",,0.00%
2017-07-06,"126,000.00","126,000.00","130,000.00","122,000.00",,0.00%
2017-07-07,"126,000.00","126,000.00","130,000.00","122,000.00",,0.00%
2017-07-10,"126,000.00","126,000.00","130,000.00","122,000.00",,0.00%
2017-07-11,"126,000.00","126,000.00","130,000.00","122,000.00",,0.00%
2017-07-12,"126,000.00","126,000.00","130,000.00","122,000.00",,0.00%
2017-07-13,"126,000.00","126,000.00","130,000.00","122,000.00",,0.00%
2017-07-14,"126,000.00","126,000.00","130,000.00","122,000.00",,0.00%
2017-07-17,"126,000.00","126,000.00","130,000.00","122,000.00",,0.00%
2017-07-18,"126,000.00","126,000.00","130,000.00","122,000.00",,0.00%
2017-07-19,"126,000.00","126,000.00","130,000.00","122,000.00",,0.00%
2017-07-20,"126,000.00","126,000.00","130,000.00","122,000.00",,0.00%
2017-07-21,"126,000.00","126,000.00","130,000.00","122,000.00",,0.00%
2017-07-24,"126,000.00","126,000.00","130,000.00","122,000.00",,0.00%
2017-07-25,"126,000.00","126,000.00","130,000.00","122,000.00",,0.00%
2017-07-26,"126,000.00","126,000.00","130,000.00","122,000.00",,0.00%
2017-07-27,"126,000.00","126,000.00","130,000.00","122,000.00",,0.00%
2017-07-28,"126,000.00","126,000.00","130,000.00","122,000.00",,0.00%
2017-07-31,"126,000.00","126,000.00","130,000.00","122,000.00",,0.00%
2017-08-01,"126,000.00","126,000.00","130,000.00","122,000.00",,0.00%
2017-08-02,"126,000.00","126,000.00","130,000.00","122,000.00",,0.00%
2017-08-03,"126,000.00","126,000.00","130,000.00","122,000.00",,0.00%
2017-08-04,"126,000.00","126,000.00","130,000.00","122,000.00",,0.00%
2017-08-07,"126,000.00","126,000.00","130,000.00","122,000.00",,0.00%
2017-08-08,"126,000.00","126,000.00","130,000.00","122,000.00",,0.00%
2017-08-10,"126,000.00","126,000.00","130,000.00","122,000.00",,0.00%
2017-08-11,"126,000.00","126,000.00","130,000.00","122,000.00",,0.00%
2017-08-14,"126,000.00","126,000.00","130,000.00","122,000.00",,0.00%
2017-08-15,"128,000.00","128,000.00","132,000.00","124,000.00",,1.59%
2017-08-16,"128,000.00","128,000.00","132,000.00","124,000.00",,0.00%
2017-08-17,"128,000.00","128,000.00","132,000.00","124,000.00",,0.00%
2017-08-18,"128,000.00","128,000.00","132,000.00","124,000.00",,0.00%
2017-08-21,"128,000.00","128,000.00","132,000.00","124,000.00",,0.00%
2017-08-22,"129,000.00","129,000.00","133,000.00","125,000.00",,0.78%
2017-08-23,"129,000.00","129,000.00","133,000.00","125,000.00",,0.00%
2017-08-24,"129,000.00","129,000.00","133,000.00","125,000.00",,0.00%
2017-08-25,"129,000.00","129,000.00","133,000.00","125,000.00",,0.00%
2017-08-28,"129,000.00","129,000.00","133,000.00","125,000.00",,0.00%
2017-08-29,"129,000.00","129,000.00","133,000.00","125,000.00",,0.00%
2017-08-30,"129,000.00","129,000.00","133,000.00","125,000.00",,0.00%
2017-08-31,"129,000.00","129,000.00","133,000.00","125,000.00",,0.00%
2017-09-01,"129,000.00","129,000.00","133,000.00","125,000.00",,0.00%
2017-09-04,"129,000.00","129,000.00","133,000.00","125,000.00",,0.00%
2017-09-05,"136,000.00","136,000.00","140,000.00","132,000.00",,5.43%
2017-09-06,"144,000.00","144,000.00","148,000.00","140,000.00",,5.88%
2017-09-07,"144,000.00","144,000.00","148,000.00","140,000.00",,0.00%
2017-09-08,"144,000.00","144,000.00","148,000.00","140,000.00",,0.00%
2017-09-11,"146,000.00","146,000.00","150,000.00","142,000.00",,1.39%
2017-09-12,"146,000.00","146,000.00","150,000.00","142,000.00",,0.00%
2017-09-13,"146,000.00","146,000.00","150,000.00","142,000.00",,0.00%
2017-09-14,"146,000.00","146,000.00","150,000.00","142,000.00",,0.00%
2017-09-15,"146,000.00","146,000.00","150,000.00","142,000.00",,0.00%
2017-09-18,"146,000.00","146,000.00","150,000.00","142,000.00",,0.00%
2017-09-19,"146,000.00","146,000.00","150,000.00","142,000.00",,0.00%
2017-09-20,"146,000.00","146,000.00","150,000.00","142,000.00",,0.00%
2017-09-21,"146,000.00","146,000.00","150,000.00","142,000.00",,0.00%
2017-09-22,"146,000.00","146,000.00","150,000.00","142,000.00",,0.00%
2017-09-26,"146,000.00","146,000.00","150,000.00","142,000.00",,0.00%
2017-09-27,"146,000.00","146,000.00","150,000.00","142,000.00",,0.00%
2017-09-28,"146,000.00","146,000.00","150,000.00","142,000.00",,0.00%
2017-09-29,"146,000.00","146,000.00","150,000.00","142,000.00",,0.00%
2017-10-09,"146,000.00","146,000.00","150,000.00","142,000.00",,0.00%
2017-10-10,"146,000.00","146,000.00","150,000.00","142,000.00",,0.00%
2017-10-11,"149,000.00","149,000.00","153,000.00","145,000.00",,2.05%
2017-10-12,"152,000.00","152,000.00","156,000.00","148,000.00",,2.01%
2017-10-13,"152,000.00","152,000.00","156,000.00","148,000.00",,0.00%
2017-10-16,"152,000.00","152,000.00","156,000.00","148,000.00",,0.00%
2017-10-17,"152,000.00","152,000.00","156,000.00","148,000.00",,0.00%
2017-10-18,"152,000.00","152,000.00","156,000.00","148,000.00",,0.00%
2017-10-19,"152,000.00","152,000.00","156,000.00","148,000.00",,0.00%
2017-10-20,"152,000.00","152,000.00","156,000.00","148,000.00",,0.00%
2017-10-23,"152,000.00","152,000.00","156,000.00","148,000.00",,0.00%
2017-10-24,"152,000.00","152,000.00","156,000.00","148,000.00",,0.00%
2017-10-25,"152,000.00","152,000.00","156,000.00","148,000.00",,0.00%
2017-10-26,"152,000.00","152,000.00","156,000.00","148,000.00",,0.00%
2017-10-27,"152,000.00","152,000.00","156,000.00","148,000.00",,0.00%
2017-10-30,"152,000.00","152,000.00","156,000.00","148,000.00",,0.00%
2017-10-31,"152,000.00","152,000.00","156,000.00","148,000.00",,0.00%
2017-11-01,"152,000.00","152,000.00","156,000.00","148,000.00",,0.00%
2017-11-02,"155,000.00","155,000.00","159,000.00","151,000.00",,1.97%
2017-11-03,"155,000.00","155,000.00","159,000.00","151,000.00",,0.00%
2017-11-06,"155,000.00","155,000.00","159,000.00","151,000.00",,0.00%
2017-11-07,"155,000.00","155,000.00","159,000.00","151,000.00",,0.00%
2017-11-08,"155,000.00","155,000.00","159,000.00","151,000.00",,0.00%
2017-11-09,"155,000.00","155,000.00","159,000.00","151,000.00",,0.00%
2017-11-10,"155,000.00","155,000.00","159,000.00","151,000.00",,0.00%
2017-11-13,"155,000.00","155,000.00","159,000.00","151,000.00",,0.00%
2017-11-14,"155,000.00","155,000.00","159,000.00","151,000.00",,0.00%
2017-11-15,"155,000.00","155,000.00","159,000.00","151,000.00",,0.00%
2017-11-16,"155,000.00","155,000.00","159,000.00","151,000.00",,0.00%
2017-11-17,"155,000.00","155,000.00","159,000.00","151,000.00",,0.00%
2017-11-20,"155,000.00","155,000.00","159,000.00","151,000.00",,0.00%
2017-11-21,"155,000.00","155,000.00","159,000.00","151,000.00",,0.00%
2017-11-22,"155,000.00","155,000.00","159,000.00","151,000.00",,0.00%
2017-11-23,"155,000.00","155,000.00","159,000.00","151,000.00",,0.00%
2017-11-24,"155,000.00","155,000.00","159,000.00","151,000.00",,0.00%
2017-11-27,"155,000.00","155,000.00","159,000.00","151,000.00",,0.00%
2017-11-28,"155,000.00","155,000.00","159,000.00","151,000.00",,0.00%
2017-11-29,"155,000.00","155,000.00","159,000.00","151,000.00",,0.00%
2017-11-30,"155,000.00","155,000.00","159,000.00","151,000.00",,0.00%
2017-12-01,"155,000.00","155,000.00","159,000.00","151,000.00",,0.00%
2017-12-04,"155,000.00","155,000.00","159,000.00","151,000.00",,0.00%
2017-12-05,"155,000.00","155,000.00","159,000.00","151,000.00",,0.00%
2017-12-06,"155,000.00","155,000.00","159,000.00","151,000.00",,0.00%
2017-12-07,"155,000.00","155,000.00","159,000.00","151,000.00",,0.00%
2017-12-08,"155,000.00","155,000.00","159,000.00","151,000.00",,0.00%
2017-12-11,"155,000.00","155,000.00","159,000.00","151,000.00",,0.00%
2017-12-12,"155,000.00","155,000.00","159,000.00","151,000.00",,0.00%
2017-12-13,"155,000.00","155,000.00","159,000.00","151,000.00",,0.00%
2017-12-14,"155,000.00","155,000.00","159,000.00","151,000.00",,0.00%
2017-12-15,"152,000.00","152,000.00","156,000.00","148,000.00",,-1.94%
2017-12-18,"152,000.00","152,000.00","156,000.00","148,000.00",,0.00%
2017-12-19,"152,000.00","152,000.00","156,000.00","148,000.00",,0.00%
2017-12-20,"152,000.00","152,000.00","156,000.00","148,000.00",,0.00%
2017-12-21,"150,000.00","150,000.00","154,000.00","146,000.00",,-1.32%
2017-12-22,"150,000.00","150,000.00","154,000.00","146,000.00",,0.00%
2017-12-25,"150,000.00","150,000.00","154,000.00","146,000.00",,0.00%
2017-12-26,"150,000.00","150,000.00","154,000.00","146,000.00",,0.00%
2017-12-27,"150,000.00","150,000.00","154,000.00","146,000.00",,0.00%
2017-12-28,"150,000.00","150,000.00","154,000.00","146,000.00",,0.00%
2017-12-29,"150,000.00","150,000.00","154,000.00","146,000.00",,0.00%
2018-01-02,"150,000.00","150,000.00","154,000.00","146,000.00",,0.00%
2018-01-03,"150,000.00","150,000.00","154,000.00","146,000.00",,0.00%
2018-01-04,"150,000.00","150,000.00","154,000.00","146,000.00",,0.00%
2018-01-05,"150,000.00","150,000.00","154,000.00","146,000.00",,0.00%
2018-01-08,"150,000.00","150,000.00","154,000.00","146,000.00",,0.00%
2018-01-09,"148,500.00","148,500.00","152,000.00","145,000.00",,-1.00%
2018-01-10,"148,500.00","148,500.00","152,000.00","145,000.00",,0.00%
2018-01-11,"148,500.00","148,500.00","152,000.00","145,000.00",,0.00%
2018-01-12,"148,500.00","148,500.00","152,000.00","145,000.00",,0.00%
2018-01-15,"146,500.00","146,500.00","150,000.00","143,000.00",,-1.35%
2018-01-16,"146,500.00","146,500.00","150,000.00","143,000.00",,0.00%
2018-01-17,"146,500.00","146,500.00","150,000.00","143,000.00",,0.00%
2018-01-18,"146,500.00","146,500.00","150,000.00","143,000.00",,0.00%
2018-01-19,"146,500.00","146,500.00","150,000.00","143,000.00",,0.00%
2018-01-22,"146,500.00","146,500.00","150,000.00","143,000.00",,0.00%
2018-01-23,"146,500.00","146,500.00","150,000.00","143,000.00",,0.00%
2018-01-24,"144,500.00","144,500.00","148,000.00","141,000.00",,-1.37%
2018-01-25,"144,500.00","144,500.00","148,000.00","141,000.00",,0.00%
2018-01-26,"144,500.00","144,500.00","148,000.00","141,000.00",,0.00%
2018-01-29,"144,500.00","144,500.00","148,000.00","141,000.00",,0.00%
2018-01-30,"144,500.00","144,500.00","148,000.00","141,000.00",,0.00%
2018-01-31,"144,500.00","144,500.00","148,000.00","141,000.00",,0.00%
2018-02-01,"144,500.00","144,500.00","148,000.00","141,000.00",,0.00%
2018-02-02,"144,500.00","144,500.00","148,000.00","141,000.00",,0.00%
2018-02-05,"144,500.00","144,500.00","148,000.00","141,000.00",,0.00%
2018-02-06,"144,500.00","144,500.00","148,000.00","141,000.00",,0.00%
2018-02-07,"144,500.00","144,500.00","148,000.00","141,000.00",,0.00%
2018-02-08,"144,500.00","144,500.00","148,000.00","141,000.00",,0.00%
2018-02-09,"144,500.00","144,500.00","148,000.00","141,000.00",,0.00%
2018-02-22,"144,500.00","144,500.00","148,000.00","141,000.00",,0.00%
2018-02-23,"144,500.00","144,500.00","148,000.00","141,000.00",,0.00%
2018-02-26,"144,500.00","144,500.00","148,000.00","141,000.00",,0.00%
2018-02-27,"144,500.00","144,500.00","148,000.00","141,000.00",,0.00%
2018-02-28,"144,500.00","144,500.00","148,000.00","141,000.00",,0.00%
2018-03-01,"144,500.00","144,500.00","148,000.00","141,000.00",,0.00%
2018-03-02,"144,500.00","144,500.00","148,000.00","141,000.00",,0.00%
2018-03-05,"144,500.00","144,500.00","148,000.00","141,000.00",,0.00%
2018-03-06,"144,500.00","144,500.00","148,000.00","141,000.00",,0.00%
2018-03-07,"144,500.00","144,500.00","148,000.00","141,000.00",,0.00%
2018-03-08,"144,500.00","144,500.00","148,000.00","141,000.00",,0.00%
2018-03-09,"144,500.00","144,500.00","148,000.00","141,000.00",,0.00%
2018-03-12,"144,500.00","144,500.00","148,000.00","141,000.00",,0.00%
2018-03-13,"144,500.00","144,500.00","148,000.00","141,000.00",,0.00%
2018-03-14,"144,500.00","144,500.00","148,000.00","141,000.00",,0.00%
2018-03-15,"144,500.00","144,500.00","148,000.00","141,000.00",,0.00%
2018-03-16,"144,500.00","144,500.00","148,000.00","141,000.00",,0.00%
2018-03-19,"144,500.00","144,500.00","148,000.00","141,000.00",,0.00%
2018-03-20,"144,500.00","144,500.00","148,000.00","141,000.00",,0.00%
2018-03-21,"144,500.00","144,500.00","148,000.00","141,000.00",,0.00%
2018-03-22,"144,500.00","144,500.00","148,000.00","141,000.00",,0.00%
2018-03-23,"144,500.00","144,500.00","148,000.00","141,000.00",,0.00%
2018-03-26,"144,500.00","144,500.00","148,000.00","141,000.00",,0.00%
2018-03-27,"144,500.00","144,500.00","148,000.00","141,000.00",,0.00%
2018-03-28,"144,500.00","144,500.00","148,000.00","141,000.00",,0.00%
2018-03-29,"144,500.00","144,500.00","148,000.00","141,000.00",,0.00%
2018-03-30,"144,500.00","144,500.00","148,000.00","141,000.00",,0.00%
2018-04-02,"144,500.00","144,500.00","148,000.00","141,000.00",,0.00%
2018-04-03,"142,500.00","142,500.00","146,000.00","139,000.00",,-1.38%
2018-04-04,"140,500.00","140,500.00","144,000.00","137,000.00",,-1.40%
2018-04-09,"139,500.00","139,500.00","143,000.00","136,000.00",,-0.71%
2018-04-10,"138,500.00","138,500.00","142,000.00","135,000.00",,-0.72%
2018-04-11,"138,500.00","138,500.00","142,000.00","135,000.00",,0.00%
2018-04-12,"138,500.00","138,500.00","142,000.00","135,000.00",,0.00%
2018-04-13,"138,500.00","138,500.00","142,000.00","135,000.00",,0.00%
2018-04-16,"135,500.00","135,500.00","139,000.00","132,000.00",,-2.17%
2018-04-17,"134,500.00","134,500.00","138,000.00","131,000.00",,-0.74%
2018-04-18,"134,500.00","134,500.00","138,000.00","131,000.00",,0.00%
2018-04-19,"134,500.00","134,500.00","138,000.00","131,000.00",,0.00%
2018-04-20,"134,500.00","134,500.00","138,000.00","131,000.00",,0.00%
2018-04-23,"134,500.00","134,500.00","138,000.00","131,000.00",,0.00%
2018-04-24,"133,500.00","133,500.00","137,000.00","130,000.00",,-0.74%
2018-04-25,"133,500.00","133,500.00","137,000.00","130,000.00",,0.00%
2018-04-26,"133,500.00","133,500.00","137,000.00","130,000.00",,0.00%
2018-04-27,"133,500.00","133,500.00","137,000.00","130,000.00",,0.00%
2018-05-02,"132,500.00","132,500.00","136,000.00","129,000.00",,-0.75%
2018-05-03,"131,500.00","131,500.00","135,000.00","128,000.00",,-0.75%
2018-05-04,"131,500.00","131,500.00","135,000.00","128,000.00",,0.00%
2018-05-07,"131,500.00","131,500.00","135,000.00","128,000.00",,0.00%
2018-05-08,"131,500.00","131,500.00","135,000.00","128,000.00",,0.00%
2018-05-09,"131,500.00","131,500.00","135,000.00","128,000.00",,0.00%
2018-05-10,"131,500.00","131,500.00","135,000.00","128,000.00",,0.00%
2018-05-11,"131,500.00","131,500.00","135,000.00","128,000.00",,0.00%
2018-05-14,"131,500.00","131,500.00","135,000.00","128,000.00",,0.00%
2018-05-15,"131,500.00","131,500.00","135,000.00","128,000.00",,0.00%
2018-05-16,"131,500.00","131,500.00","135,000.00","128,000.00",,0.00%
2018-05-17,"131,500.00","131,500.00","135,000.00","128,000.00",,0.00%
2018-05-18,"131,500.00","131,500.00","135,000.00","128,000.00",,0.00%
2018-05-21,"131,500.00","131,500.00","135,000.00","128,000.00",,0.00%
2018-05-22,"131,500.00","131,500.00","135,000.00","128,000.00",,0.00%
2018-05-23,"131,500.00","131,500.00","135,000.00","128,000.00",,0.00%
2018-05-24,"131,500.00","131,500.00","135,000.00","128,000.00",,0.00%
2018-05-25,"131,500.00","131,500.00","135,000.00","128,000.00",,0.00%
2018-05-28,"128,500.00","128,500.00","132,000.00","125,000.00",,-2.28%
2018-05-29,"125,500.00","125,500.00","129,000.00","122,000.00",,-2.33%
2018-05-30,"123,500.00","123,500.00","127,000.00","120,000.00",,-1.59%
2018-05-31,"121,500.00","121,500.00","125,000.00","118,000.00",,-1.62%
2018-06-01,"121,500.00","121,500.00","125,000.00","118,000.00",,0.00%
2018-06-04,"121,500.00","121,500.00","125,000.00","118,000.00",,0.00%
2018-06-05,"118,500.00","118,500.00","122,000.00","115,000.00",,-2.47%
2018-06-06,"115,500.00","115,500.00","119,000.00","112,000.00",,-2.53%
2018-06-07,"115,500.00","115,500.00","119,000.00","112,000.00",,0.00%
2018-06-08,"113,500.00","113,500.00","117,000.00","110,000.00",,-1.73%
2018-06-11,"113,500.00","113,500.00","117,000.00","110,000.00",,0.00%
2018-06-12,"113,500.00","113,500.00","117,000.00","110,000.00",,0.00%
2018-06-13,"113,500.00","113,500.00","117,000.00","110,000.00",,0.00%
2018-06-14,"113,500.00","113,500.00","117,000.00","110,000.00",,0.00%
2018-06-15,"110,500.00","110,500.00","114,000.00","107,000.00",,-2.64%
2018-06-19,"107,500.00","107,500.00","111,000.00","104,000.00",,-2.71%
2018-06-20,"104,500.00","104,500.00","108,000.00","101,000.00",,-2.79%
2018-06-21,"104,500.00","104,500.00","108,000.00","101,000.00",,0.00%
2018-06-22,"104,500.00","104,500.00","108,000.00","101,000.00",,0.00%
2018-06-25,"104,500.00","104,500.00","108,000.00","101,000.00",,0.00%
2018-06-26,"104,500.00","104,500.00","108,000.00","101,000.00",,0.00%
2018-06-27,"102,500.00","102,500.00","106,000.00","99,000.00",,-1.91%
2018-06-28,"102,500.00","102,500.00","106,000.00","99,000.00",,0.00%
2018-06-29,"102,500.00","102,500.00","106,000.00","99,000.00",,0.00%
2018-07-02,"102,500.00","102,500.00","106,000.00","99,000.00",,0.00%
2018-07-03,"102,500.00","102,500.00","106,000.00","99,000.00",,0.00%
2018-07-04,"99,500.00","99,500.00","103,000.00","96,000.00",,-2.93%
2018-07-05,"97,500.00","97,500.00","101,000.00","94,000.00",,-2.01%
2018-07-06,"97,500.00","97,500.00","101,000.00","94,000.00",,0.00%
2018-07-09,"97,500.00","97,500.00","101,000.00","94,000.00",,0.00%
2018-07-10,"95,500.00","95,500.00","99,000.00","92,000.00",,-2.05%
2018-07-11,"95,500.00","95,500.00","99,000.00","92,000.00",,0.00%
2018-07-12,"95,500.00","95,500.00","99,000.00","92,000.00",,0.00%
2018-07-13,"95,500.00","95,500.00","99,000.00","92,000.00",,0.00%
2018-07-16,"95,500.00","95,500.00","99,000.00","92,000.00",,0.00%
2018-07-17,"95,500.00","95,500.00","99,000.00","92,000.00",,0.00%
2018-07-18,"95,500.00","95,500.00","99,000.00","92,000.00",,0.00%
2018-07-19,"95,500.00","95,500.00","99,000.00","92,000.00",,0.00%
2018-07-20,"95,500.00","95,500.00","99,000.00","92,000.00",,0.00%
2018-07-23,"93,500.00","93,500.00","97,000.00","90,000.00",,-2.09%
2018-07-24,"91,500.00","91,500.00","95,000.00","88,000.00",,-2.14%
2018-07-25,"91,500.00","91,500.00","95,000.00","88,000.00",,0.00%
2018-07-26,"91,500.00","91,500.00","95,000.00","88,000.00",,0.00%
2018-07-27,"89,500.00","89,500.00","93,000.00","86,000.00",,-2.19%
2018-07-30,"89,500.00","89,500.00","93,000.00","86,000.00",,0.00%
2018-07-31,"89,500.00","89,500.00","93,000.00","86,000.00",,0.00%
2018-08-01,"87,500.00","87,500.00","91,000.00","84,000.00",,-2.23%
2018-08-02,"85,500.00","85,500.00","89,000.00","82,000.00",,-2.29%
2018-08-03,"84,500.00","84,500.00","88,000.00","81,000.00",,-1.17%
2018-08-06,"83,500.00","83,500.00","87,000.00","80,000.00",,-1.18%
2018-08-07,"83,500.00","83,500.00","87,000.00","80,000.00",,0.00%
2018-08-08,"83,500.00","83,500.00","87,000.00","80,000.00",,0.00%
2018-08-09,"83,500.00","83,500.00","87,000.00","80,000.00",,0.00%
2018-08-10,"83,500.00","83,500.00","87,000.00","80,000.00",,0.00%
2018-08-13,"82,500.00","82,500.00","86,000.00","79,000.00",,-1.20%
2018-08-14,"80,500.00","80,500.00","84,000.00","77,000.00",,-2.42%
2018-08-15,"79,500.00","79,500.00","83,000.00","76,000.00",,-1.24%
2018-08-16,"79,500.00","79,500.00","83,000.00","76,000.00",,0.00%
2018-08-17,"79,500.00","79,500.00","83,000.00","76,000.00",,0.00%
2018-08-20,"79,500.00","79,500.00","83,000.00","76,000.00",,0.00%
2018-08-21,"79,500.00","79,500.00","83,000.00","76,000.00",,0.00%
2018-08-22,"79,500.00","79,500.00","83,000.00","76,000.00",,0.00%
2018-08-23,"78,500.00","78,500.00","82,000.00","75,000.00",,-1.26%
2018-08-24,"78,500.00","78,500.00","82,000.00","75,000.00",,0.00%
2018-08-27,"76,500.00","76,500.00","80,000.00","73,000.00",,-2.55%
2018-08-28,"74,500.00","74,500.00","78,000.00","71,000.00",,-2.61%
2018-08-29,"74,500.00","74,500.00","78,000.00","71,000.00",,0.00%
2018-08-30,"74,500.00","74,500.00","78,000.00","71,000.00",,0.00%
2018-08-31,"74,500.00","74,500.00","78,000.00","71,000.00",,0.00%
2018-09-03,"74,500.00","74,500.00","78,000.00","71,000.00",,0.00%
2018-09-04,"74,500.00","74,500.00","78,000.00","71,000.00",,0.00%
2018-09-05,"74,500.00","74,500.00","78,000.00","71,000.00",,0.00%
2018-09-06,"74,500.00","74,500.00","78,000.00","71,000.00",,0.00%
2018-09-07,"74,500.00","74,500.00","78,000.00","71,000.00",,0.00%
2018-09-10,"74,500.00","74,500.00","78,000.00","71,000.00",,0.00%
2018-09-11,"74,500.00","74,500.00","78,000.00","71,000.00",,0.00%
2018-09-12,"74,500.00","74,500.00","78,000.00","71,000.00",,0.00%
2018-09-13,"74,500.00","74,500.00","78,000.00","71,000.00",,0.00%
2018-09-14,"74,500.00","74,500.00","78,000.00","71,000.00",,0.00%
2018-09-17,"73,500.00","73,500.00","77,000.00","70,000.00",,-1.34%
2018-09-18,"72,500.00","72,500.00","76,000.00","69,000.00",,-1.36%
2018-09-19,"72,500.00","72,500.00","76,000.00","69,000.00",,0.00%
2018-09-20,"71,000.00","71,000.00","74,000.00","68,000.00",,-2.07%
2018-09-21,"71,000.00","71,000.00","74,000.00","68,000.00",,0.00%
2018-09-25,"71,000.00","71,000.00","74,000.00","68,000.00",,0.00%
2018-09-26,"71,000.00","71,000.00","74,000.00","68,000.00",,0.00%
2018-09-27,"71,000.00","71,000.00","74,000.00","68,000.00",,0.00%
2018-09-28,"71,000.00","71,000.00","74,000.00","68,000.00",,0.00%
2018-10-08,"71,000.00","71,000.00","74,000.00","68,000.00",,0.00%
2018-10-09,"69,500.00","69,500.00","72,000.00","67,000.00",,-2.11%
2018-10-10,"68,000.00","68,000.00","70,000.00","66,000.00",,-2.16%
2018-10-11,"68,000.00","68,000.00","70,000.00","66,000.00",,0.00%
2018-10-12,"68,000.00","68,000.00","70,000.00","66,000.00",,0.00%
2018-10-15,"68,000.00","68,000.00","70,000.00","66,000.00",,0.00%
2018-10-16,"68,000.00","68,000.00","70,000.00","66,000.00",,0.00%
2018-10-17,"68,000.00","68,000.00","70,000.00","66,000.00",,0.00%
2018-10-18,"68,000.00","68,000.00","70,000.00","66,000.00",,0.00%
2018-10-19,"68,000.00","68,000.00","70,000.00","66,000.00",,0.00%
2018-10-22,"68,000.00","68,000.00","70,000.00","66,000.00",,0.00%
2018-10-23,"68,000.00","68,000.00","70,000.00","66,000.00",,0.00%
2018-10-24,"68,000.00","68,000.00","70,000.00","66,000.00",,0.00%
2018-10-25,"68,000.00","68,000.00","70,000.00","66,000.00",,0.00%
2018-10-26,"68,000.00","68,000.00","70,000.00","66,000.00",,0.00%
2018-10-29,"68,000.00","68,000.00","70,000.00","66,000.00",,0.00%
2018-10-30,"69,000.00","69,000.00","71,000.00","67,000.00",,1.47%
2018-10-31,"69,000.00","69,000.00","71,000.00","67,000.00",,0.00%
2018-11-01,"70,000.00","70,000.00","72,000.00","68,000.00",,1.45%
2018-11-02,"70,000.00","70,000.00","72,000.00","68,000.00",,0.00%
2018-11-05,"70,000.00","70,000.00","72,000.00","68,000.00",,0.00%
2018-11-06,"70,000.00","70,000.00","72,000.00","68,000.00",,0.00%
2018-11-07,"70,000.00","70,000.00","72,000.00","68,000.00",,0.00%
2018-11-08,"70,000.00","70,000.00","72,000.00","68,000.00",,0.00%
2018-11-09,"70,000.00","70,000.00","72,000.00","68,000.00",,0.00%
2018-11-12,"70,000.00","70,000.00","72,000.00","68,000.00",,0.00%
2018-11-13,"70,000.00","70,000.00","72,000.00","68,000.00",,0.00%
2018-11-14,"70,000.00","70,000.00","72,000.00","68,000.00",,0.00%
2018-11-15,"70,000.00","70,000.00","72,000.00","68,000.00",,0.00%
2018-11-16,"70,000.00","70,000.00","72,000.00","68,000.00",,0.00%
2018-11-19,"70,000.00","70,000.00","72,000.00","68,000.00",,0.00%
2018-11-20,"70,000.00","70,000.00","72,000.00","68,000.00",,0.00%
2018-11-21,"70,000.00","70,000.00","72,000.00","68,000.00",,0.00%
2018-11-22,"70,000.00","70,000.00","72,000.00","68,000.00",,0.00%
2018-11-23,"70,000.00","70,000.00","72,000.00","68,000.00",,0.00%
2018-11-26,"70,000.00","70,000.00","72,000.00","68,000.00",,0.00%
2018-11-27,"70,000.00","70,000.00","72,000.00","68,000.00",,0.00%
2018-11-28,"70,000.00","70,000.00","72,000.00","68,000.00",,0.00%
2018-11-29,"70,000.00","70,000.00","72,000.00","68,000.00",,0.00%
2018-11-30,"70,000.00","70,000.00","72,000.00","68,000.00",,0.00%
2018-12-03,"70,000.00","70,000.00","72,000.00","68,000.00",,0.00%
2018-12-04,"70,000.00","70,000.00","72,000.00","68,000.00",,0.00%
2018-12-05,"70,000.00","70,000.00","72,000.00","68,000.00",,0.00%
2018-12-06,"70,000.00","70,000.00","72,000.00","68,000.00",,0.00%
2018-12-07,"70,000.00","70,000.00","72,000.00","68,000.00",,0.00%
2018-12-10,"70,000.00","70,000.00","72,000.00","68,000.00",,0.00%
2018-12-11,"70,000.00","70,000.00","72,000.00","68,000.00",,0.00%
2018-12-12,"70,000.00","70,000.00","72,000.00","68,000.00",,0.00%
2018-12-13,"70,000.00","70,000.00","72,000.00","68,000.00",,0.00%
2018-12-14,"70,000.00","70,000.00","72,000.00","68,000.00",,0.00%
2018-12-17,"70,000.00","70,000.00","72,000.00","68,000.00",,0.00%
2018-12-18,"70,000.00","70,000.00","72,000.00","68,000.00",,0.00%
2018-12-19,"69,500.00","69,500.00","71,000.00","68,000.00",,-0.71%
2018-12-20,"69,500.00","69,500.00","71,000.00","68,000.00",,0.00%
2018-12-21,"69,500.00","69,500.00","71,000.00","68,000.00",,0.00%
2018-12-24,"68,500.00","68,500.00","70,000.00","67,000.00",,-1.44%
2018-12-25,"68,500.00","68,500.00","70,000.00","67,000.00",,0.00%
2018-12-26,"68,500.00","68,500.00","70,000.00","67,000.00",,0.00%
2018-12-27,"68,500.00","68,500.00","70,000.00","67,000.00",,0.00%
2018-12-28,"68,500.00","68,500.00","70,000.00","67,000.00",,0.00%
2019-01-02,"68,500.00","68,500.00","70,000.00","67,000.00",,0.00%
2019-01-03,"68,500.00","68,500.00","70,000.00","67,000.00",,0.00%
2019-01-07,"68,500.00","68,500.00","70,000.00","67,000.00",,0.00%
2019-01-08,"68,500.00","68,500.00","70,000.00","67,000.00",,0.00%
2019-01-09,"68,500.00","68,500.00","70,000.00","67,000.00",,0.00%
2019-01-10,"68,500.00","68,500.00","70,000.00","67,000.00",,0.00%
2019-01-11,"68,500.00","68,500.00","70,000.00","67,000.00",,0.00%
2019-01-14,"68,500.00","68,500.00","70,000.00","67,000.00",,0.00%
2019-01-15,"67,500.00","67,500.00","69,000.00","66,000.00",,-1.46%
2019-01-16,"67,500.00","67,500.00","69,000.00","66,000.00",,0.00%
2019-01-17,"67,500.00","67,500.00","69,000.00","66,000.00",,0.00%
2019-01-18,"67,500.00","67,500.00","69,000.00","66,000.00",,0.00%
2019-01-21,"67,500.00","67,500.00","69,000.00","66,000.00",,0.00%
2019-01-22,"67,500.00","67,500.00","69,000.00","66,000.00",,0.00%
2019-01-23,"67,500.00","67,500.00","69,000.00","66,000.00",,0.00%
2019-01-24,"67,500.00","67,500.00","69,000.00","66,000.00",,0.00%
2019-01-25,"67,500.00","67,500.00","69,000.00","66,000.00",,0.00%
2019-01-28,"67,500.00","67,500.00","69,000.00","66,000.00",,0.00%
2019-01-29,"67,500.00","67,500.00","69,000.00","66,000.00",,0.00%
2019-01-30,"67,500.00","67,500.00","69,000.00","66,000.00",,0.00%
2019-01-31,"67,500.00","67,500.00","69,000.00","66,000.00",,0.00%
2019-02-01,"67,500.00","67,500.00","69,000.00","66,000.00",,0.00%
2019-02-11,"67,500.00","67,500.00","69,000.00","66,000.00",,0.00%
2019-02-12,"67,500.00","67,500.00","69,000.00","66,000.00",,0.00%
2019-02-13,"67,500.00","67,500.00","69,000.00","66,000.00",,0.00%
2019-02-14,"67,500.00","67,500.00","69,000.00","66,000.00",,0.00%
2019-02-15,"67,500.00","67,500.00","69,000.00","66,000.00",,0.00%
2019-02-18,"67,500.00","67,500.00","69,000.00","66,000.00",,0.00%
2019-02-19,"68,500.00","68,500.00","70,000.00","67,000.00",,1.48%
2019-02-20,"68,500.00","68,500.00","70,000.00","67,000.00",,0.00%
2019-02-21,"68,500.00","68,500.00","70,000.00","67,000.00",,0.00%
2019-02-22,"68,500.00","68,500.00","70,000.00","67,000.00",,0.00%
2019-02-25,"68,500.00","68,500.00","70,000.00","67,000.00",,0.00%
2019-02-26,"68,500.00","68,500.00","70,000.00","67,000.00",,0.00%
2019-02-27,"68,500.00","68,500.00","70,000.00","67,000.00",,0.00%
2019-02-28,"68,500.00","68,500.00","70,000.00","67,000.00",,0.00%
2019-03-01,"67,500.00","67,500.00","69,000.00","66,000.00",,-1.46%
2019-03-04,"67,500.00","67,500.00","69,000.00","66,000.00",,0.00%
2019-03-05,"67,500.00","67,500.00","69,000.00","66,000.00",,0.00%
2019-03-06,"67,500.00","67,500.00","69,000.00","66,000.00",,0.00%
2019-03-07,"67,500.00","67,500.00","69,000.00","66,000.00",,0.00%
2019-03-08,"66,500.00","66,500.00","68,000.00","65,000.00",,-1.48%
2019-03-11,"66,500.00","66,500.00","68,000.00","65,000.00",,0.00%
2019-03-12,"65,500.00","65,500.00","67,000.00","64,000.00",,-1.50%
2019-03-13,"65,500.00","65,500.00","67,000.00","64,000.00",,0.00%
2019-03-14,"65,500.00","65,500.00","67,000.00","64,000.00",,0.00%
2019-03-15,"65,500.00","65,500.00","67,000.00","64,000.00",,0.00%
2019-03-18,"65,500.00","65,500.00","67,000.00","64,000.00",,0.00%
2019-03-19,"65,500.00","65,500.00","67,000.00","64,000.00",,0.00%
2019-03-20,"65,500.00","65,500.00","67,000.00","64,000.00",,0.00%
2019-03-21,"65,500.00","65,500.00","67,000.00","64,000.00",,0.00%
2019-03-22,"65,500.00","65,500.00","67,000.00","64,000.00",,0.00%
2019-03-25,"65,500.00","65,500.00","67,000.00","64,000.00",,0.00%
2019-03-26,"65,500.00","65,500.00","67,000.00","64,000.00",,0.00%
2019-03-27,"65,500.00","65,500.00","67,000.00","64,000.00",,0.00%
2019-03-28,"65,500.00","65,500.00","67,000.00","64,000.00",,0.00%
2019-03-29,"65,500.00","65,500.00","67,000.00","64,000.00",,0.00%
2019-04-01,"65,000.00","65,000.00","66,500.00","63,500.00",,-0.76%
2019-04-02,"65,000.00","65,000.00","66,500.00","63,500.00",,0.00%
2019-04-03,"65,000.00","65,000.00","66,500.00","63,500.00",,0.00%
2019-04-04,"65,000.00","65,000.00","66,500.00","63,500.00",,0.00%
2019-04-08,"65,000.00","65,000.00","66,500.00","63,500.00",,0.00%
2019-04-09,"64,500.00","64,500.00","66,000.00","63,000.00",,-0.77%
2019-04-10,"64,500.00","64,500.00","66,000.00","63,000.00",,0.00%
2019-04-11,"64,500.00","64,500.00","66,000.00","63,000.00",,0.00%
2019-04-12,"64,500.00","64,500.00","66,000.00","63,000.00",,0.00%
2019-04-15,"64,500.00","64,500.00","66,000.00","63,000.00",,0.00%
2019-04-16,"64,500.00","64,500.00","66,000.00","63,000.00",,0.00%
2019-04-17,"64,500.00","64,500.00","66,000.00","63,000.00",,0.00%
2019-04-18,"64,500.00","64,500.00","66,000.00","63,000.00",,0.00%
2019-04-19,"64,500.00","64,500.00","66,000.00","63,000.00",,0.00%
2019-04-22,"64,500.00","64,500.00","66,000.00","63,000.00",,0.00%
2019-04-23,"65,000.00","65,000.00","66,500.00","63,500.00",,0.78%
2019-04-24,"65,000.00","65,000.00","66,500.00","63,500.00",,0.00%
2019-04-25,"65,000.00","65,000.00","66,500.00","63,500.00",,0.00%
2019-04-26,"65,000.00","65,000.00","66,500.00","63,500.00",,0.00%
2019-04-29,"65,500.00","65,500.00","67,000.00","64,000.00",,0.77%
2019-04-30,"65,500.00","65,500.00","67,000.00","64,000.00",,0.00%
2019-05-06,"65,500.00","65,500.00","67,000.00","64,000.00",,0.00%
2019-05-07,"66,000.00","66,000.00","67,500.00","64,500.00",,0.76%
2019-05-08,"66,000.00","66,000.00","67,500.00","64,500.00",,0.00%
2019-05-09,"66,000.00","66,000.00","67,500.00","64,500.00",,0.00%
2019-05-10,"66,000.00","66,000.00","67,500.00","64,500.00",,0.00%
2019-05-13,"66,000.00","66,000.00","67,500.00","64,500.00",,0.00%
2019-05-14,"66,500.00","66,500.00","68,000.00","65,000.00",,0.76%
2019-05-15,"66,500.00","66,500.00","68,000.00","65,000.00",,0.00%
2019-05-16,"66,500.00","66,500.00","68,000.00","65,000.00",,0.00%
2019-05-17,"66,500.00","66,500.00","68,000.00","65,000.00",,0.00%
2019-05-20,"66,500.00","66,500.00","68,000.00","65,000.00",,0.00%
2019-05-21,"66,500.00","66,500.00","68,000.00","65,000.00",,0.00%
2019-05-22,"66,500.00","66,500.00","68,000.00","65,000.00",,0.00%
2019-05-23,"66,500.00","66,500.00","68,000.00","65,000.00",,0.00%
2019-05-24,"66,500.00","66,500.00","68,000.00","65,000.00",,0.00%
2019-05-27,"66,500.00","66,500.00","68,000.00","65,000.00",,0.00%
2019-05-28,"66,500.00","66,500.00","68,000.00","65,000.00",,0.00%
2019-05-29,"66,500.00","66,500.00","68,000.00","65,000.00",,0.00%
2019-05-30,"66,500.00","66,500.00","68,000.00","65,000.00",,0.00%
2019-05-31,"66,500.00","66,500.00","68,000.00","65,000.00",,0.00%
2019-06-03,"66,500.00","66,500.00","68,000.00","65,000.00",,0.00%
2019-06-04,"66,500.00","66,500.00","68,000.00","65,000.00",,0.00%
2019-06-05,"66,500.00","66,500.00","68,000.00","65,000.00",,0.00%
2019-06-06,"66,500.00","66,500.00","68,000.00","65,000.00",,0.00%
2019-06-10,"66,500.00","66,500.00","68,000.00","65,000.00",,0.00%
2019-06-11,"66,500.00","66,500.00","68,000.00","65,000.00",,0.00%
2019-06-12,"66,500.00","66,500.00","68,000.00","65,000.00",,0.00%
2019-06-13,"66,500.00","66,500.00","68,000.00","65,000.00",,0.00%
2019-06-14,"66,000.00","66,000.00","67,500.00","64,500.00",,-0.75%
2019-06-17,"66,000.00","66,000.00","67,500.00","64,500.00",,0.00%
2019-06-18,"66,000.00","66,000.00","67,500.00","64,500.00",,0.00%
2019-06-19,"66,000.00","66,000.00","67,500.00","64,500.00",,0.00%
2019-06-20,"66,000.00","66,000.00","67,500.00","64,500.00",,0.00%
2019-06-21,"66,000.00","66,000.00","67,500.00","64,500.00",,0.00%
2019-06-24,"66,000.00","66,000.00","67,500.00","64,500.00",,0.00%
2019-06-25,"65,000.00","65,000.00","66,500.00","63,500.00",,-1.52%
2019-06-26,"65,000.00","65,000.00","66,500.00","63,500.00",,0.00%
2019-06-27,"65,000.00","65,000.00","66,500.00","63,500.00",,0.00%
2019-06-28,"65,000.00","65,000.00","66,500.00","63,500.00",,0.00%
2019-07-01,"64,000.00","64,000.00","65,500.00","62,500.00",,-1.54%
2019-07-02,"64,000.00","64,000.00","65,500.00","62,500.00",,0.00%
2019-07-03,"64,000.00","64,000.00","65,500.00","62,500.00",,0.00%
2019-07-04,"64,000.00","64,000.00","65,500.00","62,500.00",,0.00%
2019-07-05,"63,500.00","63,500.00","65,000.00","62,000.00",,-0.78%
2019-07-08,"63,500.00","63,500.00","65,000.00","62,000.00",,0.00%
2019-07-09,"63,500.00","63,500.00","65,000.00","62,000.00",,0.00%
2019-07-10,"63,000.00","63,000.00","64,500.00","61,500.00",,-0.79%
2019-07-11,"63,000.00","63,000.00","64,500.00","61,500.00",,0.00%
2019-07-12,"63,000.00","63,000.00","64,500.00","61,500.00",,0.00%
2019-07-15,"63,000.00","63,000.00","64,500.00","61,500.00",,0.00%
2019-07-16,"63,000.00","63,000.00","64,500.00","61,500.00",,0.00%
2019-07-17,"63,000.00","63,000.00","64,500.00","61,500.00",,0.00%
2019-07-18,"63,000.00","63,000.00","64,500.00","61,500.00",,0.00%
2019-07-19,"63,000.00","63,000.00","64,500.00","61,500.00",,0.00%
2019-07-22,"63,000.00","63,000.00","64,500.00","61,500.00",,0.00%
2019-07-23,"62,500.00","62,500.00","64,000.00","61,000.00",,-0.79%
2019-07-24,"62,500.00","62,500.00","64,000.00","61,000.00",,0.00%
2019-07-25,"62,500.00","62,500.00","64,000.00","61,000.00",,0.00%
2019-07-26,"61,500.00","61,500.00","63,000.00","60,000.00",,-1.60%
2019-07-29,"60,500.00","60,500.00","62,000.00","59,000.00",,-1.63%
2019-07-30,"60,500.00","60,500.00","62,000.00","59,000.00",,0.00%
2019-07-31,"60,500.00","60,500.00","62,000.00","59,000.00",,0.00%
2019-08-01,"60,500.00","60,500.00","62,000.00","59,000.00",,0.00%
2019-08-02,"59,500.00","59,500.00","61,000.00","58,000.00",,-1.65%
2019-08-05,"59,000.00","59,000.00","60,500.00","57,500.00",,-0.84%
2019-08-06,"58,500.00","58,500.00","60,000.00","57,000.00",,-0.85%
2019-08-07,"58,500.00","58,500.00","60,000.00","57,000.00",,0.00%
2019-08-08,"58,500.00","58,500.00","60,000.00","57,000.00",,0.00%
2019-08-09,"58,500.00","58,500.00","60,000.00","57,000.00",,0.00%
2019-08-12,"58,500.00","58,500.00","60,000.00","57,000.00",,0.00%
2019-08-13,"58,000.00","58,000.00","59,500.00","56,500.00",,-0.85%
2019-08-14,"58,000.00","58,000.00","59,500.00","56,500.00",,0.00%
2019-08-15,"57,000.00","57,000.00","58,500.00","55,500.00",,-1.72%
2019-08-16,"57,000.00","57,000.00","58,500.00","55,500.00",,0.00%
2019-08-19,"56,500.00","56,500.00","58,000.00","55,000.00",,-0.88%
2019-08-20,"56,500.00","56,500.00","58,000.00","55,000.00",,0.00%
2019-08-21,"56,500.00","56,500.00","58,000.00","55,000.00",,0.00%
2019-08-22,"55,500.00","55,500.00","57,000.00","54,000.00",,-1.77%
2019-08-23,"54,500.00","54,500.00","56,000.00","53,000.00",,-1.80%
2019-08-26,"53,500.00","53,500.00","55,000.00","52,000.00",,-1.83%
2019-08-27,"53,000.00","53,000.00","54,500.00","51,500.00",,-0.93%
2019-08-28,"53,000.00","53,000.00","54,500.00","51,500.00",,0.00%
2019-08-29,"53,000.00","53,000.00","54,500.00","51,500.00",,0.00%
2019-08-30,"52,000.00","52,000.00","53,500.00","50,500.00",,-1.89%
2019-09-02,"52,000.00","52,000.00","53,500.00","50,500.00",,0.00%
2019-09-03,"51,500.00","51,500.00","53,000.00","50,000.00",,-0.96%
2019-09-04,"51,500.00","51,500.00","53,000.00","50,000.00",,0.00%
2019-09-05,"50,000.00","50,000.00","51,500.00","48,500.00",,-2.91%
2019-09-06,"50,000.00","50,000.00","51,500.00","48,500.00",,0.00%
2019-09-09,"50,000.00","50,000.00","51,500.00","48,500.00",,0.00%
2019-09-10,"50,000.00","50,000.00","51,500.00","48,500.00",,0.00%
2019-09-11,"50,000.00","50,000.00","51,500.00","48,500.00",,0.00%
2019-09-12,"50,000.00","50,000.00","51,500.00","48,500.00",,0.00%
2019-09-16,"50,000.00","50,000.00","51,500.00","48,500.00",,0.00%
2019-09-17,"49,500.00","49,500.00","51,000.00","48,000.00",,-1.00%
2019-09-18,"49,500.00","49,500.00","51,000.00","48,000.00",,0.00%
2019-09-19,"49,500.00","49,500.00","51,000.00","48,000.00",,0.00%
2019-09-20,"49,500.00","49,500.00","51,000.00","48,000.00",,0.00%
2019-09-23,"49,500.00","49,500.00","51,000.00","48,000.00",,0.00%
2019-09-24,"49,500.00","49,500.00","51,000.00","48,000.00",,0.00%
2019-09-25,"49,500.00","49,500.00","51,000.00","48,000.00",,0.00%
2019-09-26,"49,500.00","49,500.00","51,000.00","48,000.00",,0.00%
2019-09-27,"49,500.00","49,500.00","51,000.00","48,000.00",,0.00%
2019-10-08,"49,500.00","49,500.00","51,000.00","48,000.00",,0.00%
2019-10-09,"49,500.00","49,500.00","51,000.00","48,000.00",,0.00%
2019-10-10,"49,500.00","49,500.00","51,000.00","48,000.00",,0.00%
2019-10-11,"49,500.00","49,500.00","51,000.00","48,000.00",,0.00%
2019-10-14,"49,500.00","49,500.00","51,000.00","48,000.00",,0.00%
2019-10-15,"49,500.00","49,500.00","51,000.00","48,000.00",,0.00%
2019-10-16,"49,500.00","49,500.00","51,000.00","48,000.00",,0.00%
2019-10-17,"49,500.00","49,500.00","51,000.00","48,000.00",,0.00%
2019-10-18,"49,500.00","49,500.00","51,000.00","48,000.00",,0.00%
2019-10-21,"49,500.00","49,500.00","51,000.00","48,000.00",,0.00%
2019-10-22,"49,500.00","49,500.00","51,000.00","48,000.00",,0.00%
2019-10-23,"49,500.00","49,500.00","51,000.00","48,000.00",,0.00%
2019-10-24,"49,500.00","49,500.00","51,000.00","48,000.00",,0.00%
2019-10-25,"49,500.00","49,500.00","51,000.00","48,000.00",,0.00%
2019-10-28,"49,000.00","49,000.00","50,500.00","47,500.00",,-1.01%
2019-10-29,"48,500.00","48,500.00","50,000.00","47,000.00",,-1.02%
2019-10-30,"48,500.00","48,500.00","50,000.00","47,000.00",,0.00%
2019-10-31,"48,500.00","48,500.00","50,000.00","47,000.00",,0.00%
2019-11-01,"48,500.00","48,500.00","50,000.00","47,000.00",,0.00%
2019-11-04,"48,500.00","48,500.00","50,000.00","47,000.00",,0.00%
2019-11-05,"48,500.00","48,500.00","50,000.00","47,000.00",,0.00%
2019-11-06,"48,500.00","48,500.00","50,000.00","47,000.00",,0.00%
2019-11-07,"48,500.00","48,500.00","50,000.00","47,000.00",,0.00%
2019-11-08,"48,500.00","48,500.00","50,000.00","47,000.00",,0.00%
2019-11-11,"48,500.00","48,500.00","50,000.00","47,000.00",,0.00%
2019-11-12,"48,500.00","48,500.00","50,000.00","47,000.00",,0.00%
2019-11-13,"48,500.00","48,500.00","50,000.00","47,000.00",,0.00%
2019-11-14,"48,500.00","48,500.00","50,000.00","47,000.00",,0.00%
2019-11-15,"48,000.00","48,000.00","49,500.00","46,500.00",,-1.03%
2019-11-18,"47,500.00","47,500.00","49,000.00","46,000.00",,-1.04%
2019-11-19,"47,500.00","47,500.00","49,000.00","46,000.00",,0.00%
2019-11-20,"47,000.00","47,000.00","48,500.00","45,500.00",,-1.05%
2019-11-21,"47,000.00","47,000.00","48,500.00","45,500.00",,0.00%
2019-11-22,"47,000.00","47,000.00","48,500.00","45,500.00",,0.00%
2019-11-25,"46,500.00","46,500.00","48,000.00","45,000.00",,-1.06%
2019-11-26,"46,500.00","46,500.00","48,000.00","45,000.00",,0.00%
2019-11-27,"46,500.00","46,500.00","48,000.00","45,000.00",,0.00%
2019-11-28,"46,500.00","46,500.00","48,000.00","45,000.00",,0.00%
2019-11-29,"46,000.00","46,000.00","47,500.00","44,500.00",,-1.08%
2019-12-02,"46,000.00","46,000.00","47,500.00","44,500.00",,0.00%
2019-12-03,"45,000.00","45,000.00","46,500.00","43,500.00",,-2.17%
2019-12-04,"44,500.00","44,500.00","46,000.00","43,000.00",,-1.11%
2019-12-05,"44,000.00","44,000.00","45,500.00","42,500.00",,-1.12%
2019-12-06,"43,500.00","43,500.00","45,000.00","42,000.00",,-1.14%
2019-12-09,"43,000.00","43,000.00","44,500.00","41,500.00",,-1.15%
2019-12-10,"42,500.00","42,500.00","44,000.00","41,000.00",,-1.16%
2019-12-11,"42,500.00","42,500.00","44,000.00","41,000.00",,0.00%
2019-12-12,"42,500.00","42,500.00","44,000.00","41,000.00",,0.00%
2019-12-13,"42,000.00","42,000.00","43,500.00","40,500.00",,-1.18%
2019-12-16,"42,000.00","42,000.00","43,500.00","40,500.00",,0.00%
2019-12-17,"41,500.00","41,500.00","43,000.00","40,000.00",,-1.19%
2019-12-18,"41,500.00","41,500.00","43,000.00","40,000.00",,0.00%
2019-12-19,"41,500.00","41,500.00","43,000.00","40,000.00",,0.00%
2019-12-20,"41,500.00","41,500.00","43,000.00","40,000.00",,0.00%
2019-12-23,"41,500.00","41,500.00","43,000.00","40,000.00",,0.00%
2019-12-24,"40,500.00","40,500.00","42,000.00","39,000.00",,-2.41%
2019-12-25,"40,500.00","40,500.00","42,000.00","39,000.00",,0.00%
2019-12-26,"40,500.00","40,500.00","42,000.00","39,000.00",,0.00%
2019-12-27,"39,500.00","39,500.00","41,000.00","38,000.00",,-2.47%
2019-12-30,"39,500.00","39,500.00","41,000.00","38,000.00",,0.00%
2019-12-31,"39,500.00","39,500.00","41,000.00","38,000.00",,0.00%
2020-01-02,"39,500.00","39,500.00","41,000.00","38,000.00",,0.00%
2020-01-03,"39,500.00","39,500.00","41,000.00","38,000.00",,0.00%
2020-01-06,"39,500.00","39,500.00","41,000.00","38,000.00",,0.00%
2020-01-07,"39,500.00","39,500.00","41,000.00","38,000.00",,0.00%
2020-01-08,"39,500.00","39,500.00","41,000.00","38,000.00",,0.00%
2020-01-09,"39,500.00","39,500.00","41,000.00","38,000.00",,0.00%
2020-01-10,"38,500.00","38,500.00","40,000.00","37,000.00",,-2.53%
2020-01-13,"38,500.00","38,500.00","40,000.00","37,000.00",,0.00%
2020-01-14,"38,500.00","38,500.00","40,000.00","37,000.00",,0.00%
2020-01-15,"38,500.00","38,500.00","40,000.00","37,000.00",,0.00%
2020-01-16,"38,500.00","38,500.00","40,000.00","37,000.00",,0.00%
2020-01-17,"38,500.00","38,500.00","40,000.00","37,000.00",,0.00%
2020-01-20,"38,500.00","38,500.00","40,000.00","37,000.00",,0.00%
2020-01-21,"38,500.00","38,500.00","40,000.00","37,000.00",,0.00%
2020-02-03,"38,500.00","38,500.00","40,000.00","37,000.00",,0.00%
2020-02-04,"38,500.00","38,500.00","40,000.00","37,000.00",,0.00%
2020-02-05,"38,500.00","38,500.00","40,000.00","37,000.00",,0.00%
2020-02-06,"38,500.00","38,500.00","40,000.00","37,000.00",,0.00%
2020-02-07,"38,500.00","38,500.00","40,000.00","37,000.00",,0.00%
2020-02-10,"38,500.00","38,500.00","40,000.00","37,000.00",,0.00%
2020-02-11,"38,500.00","38,500.00","40,000.00","37,000.00",,0.00%
2020-02-12,"38,500.00","38,500.00","40,000.00","37,000.00",,0.00%
2020-02-13,"38,500.00","38,500.00","40,000.00","37,000.00",,0.00%
2020-02-14,"38,500.00","38,500.00","40,000.00","37,000.00",,0.00%
2020-02-17,"39,000.00","39,000.00","40,500.00","37,500.00",,1.30%
2020-02-18,"39,000.00","39,000.00","40,500.00","37,500.00",,0.00%
2020-02-19,"39,000.00","39,000.00","40,500.00","37,500.00",,0.00%
2020-02-20,"39,000.00","39,000.00","40,500.00","37,500.00",,0.00%
2020-02-21,"39,000.00","39,000.00","40,500.00","37,500.00",,0.00%
2020-02-24,"39,000.00","39,000.00","40,500.00","37,500.00",,0.00%
2020-02-25,"39,500.00","39,500.00","41,000.00","38,000.00",,1.28%
2020-02-26,"39,500.00","39,500.00","41,000.00","38,000.00",,0.00%
2020-02-27,"39,500.00","39,500.00","41,000.00","38,000.00",,0.00%
2020-02-28,"40,000.00","40,000.00","41,500.00","38,500.00",,1.27%
2020-03-02,"40,000.00","40,000.00","41,500.00","38,500.00",,0.00%
2020-03-03,"40,000.00","40,000.00","41,500.00","38,500.00",,0.00%
2020-03-04,"40,000.00","40,000.00","41,500.00","38,500.00",,0.00%
2020-03-05,"40,000.00","40,000.00","41,500.00","38,500.00",,0.00%
2020-03-06,"40,000.00","40,000.00","41,500.00","38,500.00",,0.00%
2020-03-09,"40,000.00","40,000.00","41,500.00","38,500.00",,0.00%
2020-03-10,"40,000.00","40,000.00","41,500.00","38,500.00",,0.00%
2020-03-11,"40,000.00","40,000.00","41,500.00","38,500.00",,0.00%
2020-03-12,"40,000.00","40,000.00","41,500.00","38,500.00",,0.00%
2020-03-13,"40,000.00","40,000.00","41,500.00","38,500.00",,0.00%
2020-03-16,"40,000.00","40,000.00","41,500.00","38,500.00",,0.00%
2020-03-17,"40,000.00","40,000.00","41,500.00","38,500.00",,0.00%
2020-03-18,"40,000.00","40,000.00","41,500.00","38,500.00",,0.00%
2020-03-19,"40,000.00","40,000.00","41,500.00","38,500.00",,0.00%
2020-03-20,"40,000.00","40,000.00","41,500.00","38,500.00",,0.00%
2020-03-23,"40,000.00","40,000.00","41,500.00","38,500.00",,0.00%
2020-03-24,"40,000.00","40,000.00","41,500.00","38,500.00",,0.00%
2020-03-25,"40,000.00","40,000.00","41,500.00","38,500.00",,0.00%
2020-03-26,"40,000.00","40,000.00","41,500.00","38,500.00",,0.00%
2020-03-27,"40,000.00","40,000.00","41,500.00","38,500.00",,0.00%
2020-03-30,"40,000.00","40,000.00","41,500.00","38,500.00",,0.00%
2020-03-31,"40,000.00","40,000.00","41,500.00","38,500.00",,0.00%
2020-04-01,"40,000.00","40,000.00","41,500.00","38,500.00",,0.00%
2020-04-02,"40,000.00","40,000.00","41,500.00","38,500.00",,0.00%
2020-04-03,"39,500.00","39,500.00","41,000.00","38,000.00",,-1.25%
2020-04-07,"39,500.00","39,500.00","41,000.00","38,000.00",,0.00%
2020-04-08,"39,500.00","39,500.00","41,000.00","38,000.00",,0.00%
2020-04-09,"39,500.00","39,500.00","41,000.00","38,000.00",,0.00%
2020-04-10,"39,000.00","39,000.00","40,500.00","37,500.00",,-1.27%
2020-04-13,"39,000.00","39,000.00","40,500.00","37,500.00",,0.00%
2020-04-14,"39,000.00","39,000.00","40,500.00","37,500.00",,0.00%
2020-04-15,"38,500.00","38,500.00","40,000.00","37,000.00",,-1.28%
2020-04-16,"38,500.00","38,500.00","40,000.00","37,000.00",,0.00%
2020-04-17,"38,500.00","38,500.00","40,000.00","37,000.00",,0.00%
2020-04-20,"38,500.00","38,500.00","40,000.00","37,000.00",,0.00%
2020-04-21,"38,500.00","38,500.00","40,000.00","37,000.00",,0.00%
2020-04-22,"38,500.00","38,500.00","40,000.00","37,000.00",,0.00%
2020-04-23,"38,500.00","38,500.00","40,000.00","37,000.00",,0.00%
2020-04-24,"38,000.00","38,000.00","39,500.00","36,500.00",,-1.30%
2020-04-27,"38,000.00","38,000.00","39,500.00","36,500.00",,0.00%
2020-04-28,"37,500.00","37,500.00","39,000.00","36,000.00",,-1.32%
2020-04-29,"37,500.00","37,500.00","39,000.00","36,000.00",,0.00%
2020-04-30,"37,500.00","37,500.00","39,000.00","36,000.00",,0.00%
2020-05-06,"37,500.00","37,500.00","39,000.00","36,000.00",,0.00%
2020-05-07,"37,500.00","37,500.00","39,000.00","36,000.00",,0.00%
2020-05-08,"37,500.00","37,500.00","39,000.00","36,000.00",,0.00%
2020-05-11,"37,500.00","37,500.00","39,000.00","36,000.00",,0.00%
2020-05-12,"37,000.00","37,000.00","38,500.00","35,500.00",,-1.33%
2020-05-13,"37,000.00","37,000.00","38,500.00","35,500.00",,0.00%
2020-05-14,"37,000.00","37,000.00","38,500.00","35,500.00",,0.00%
2020-05-15,"36,500.00","36,500.00","38,000.00","35,000.00",,-1.35%
2020-05-18,"36,500.00","36,500.00","38,000.00","35,000.00",,0.00%
2020-05-19,"36,500.00","36,500.00","38,000.00","35,000.00",,0.00%
2020-05-20,"36,500.00","36,500.00","38,000.00","35,000.00",,0.00%
2020-05-21,"36,500.00","36,500.00","38,000.00","35,000.00",,0.00%
2020-05-22,"36,000.00","36,000.00","37,500.00","34,500.00",,-1.37%
2020-05-25,"36,000.00","36,000.00","37,500.00","34,500.00",,0.00%
2020-05-26,"35,500.00","35,500.00","37,000.00","34,000.00",,-1.39%
2020-05-27,"35,500.00","35,500.00","37,000.00","34,000.00",,0.00%
2020-05-28,"35,500.00","35,500.00","37,000.00","34,000.00",,0.00%
2020-05-29,"35,500.00","35,500.00","37,000.00","34,000.00",,0.00%
2020-06-01,"35,500.00","35,500.00","37,000.00","34,000.00",,0.00%
2020-06-02,"35,000.00","35,000.00","36,500.00","33,500.00",,-1.41%
2020-06-03,"35,000.00","35,000.00","36,500.00","33,500.00",,0.00%
2020-06-04,"35,000.00","35,000.00","36,500.00","33,500.00",,0.00%
2020-06-05,"34,500.00","34,500.00","36,000.00","33,000.00",,-1.43%
2020-06-08,"34,500.00","34,500.00","36,000.00","33,000.00",,0.00%
2020-06-09,"34,500.00","34,500.00","36,000.00","33,000.00",,0.00%
2020-06-10,"34,500.00","34,500.00","36,000.00","33,000.00",,0.00%
2020-06-11,"34,500.00","34,500.00","36,000.00","33,000.00",,0.00%
2020-06-12,"34,500.00","34,500.00","36,000.00","33,000.00",,0.00%
2020-06-15,"34,500.00","34,500.00","36,000.00","33,000.00",,0.00%
2020-06-16,"34,500.00","34,500.00","36,000.00","33,000.00",,0.00%
2020-06-17,"34,500.00","34,500.00","36,000.00","33,000.00",,0.00%
2020-06-18,"34,500.00","34,500.00","36,000.00","33,000.00",,0.00%
2020-06-19,"34,500.00","34,500.00","36,000.00","33,000.00",,0.00%
2020-06-22,"34,000.00","34,000.00","35,500.00","32,500.00",,-1.45%
2020-06-23,"34,000.00","34,000.00","35,500.00","32,500.00",,0.00%
2020-06-24,"34,000.00","34,000.00","35,500.00","32,500.00",,0.00%
2020-06-29,"34,000.00","34,000.00","35,500.00","32,500.00",,0.00%
2020-06-30,"34,000.00","34,000.00","35,500.00","32,500.00",,0.00%
2020-07-01,"34,000.00","34,000.00","35,500.00","32,500.00",,0.00%
2020-07-02,"34,000.00","34,000.00","35,500.00","32,500.00",,0.00%
2020-07-03,"33,500.00","33,500.00","34,500.00","32,500.00",,-1.47%
2020-07-06,"33,500.00","33,500.00","34,500.00","32,500.00",,0.00%
2020-07-07,"33,500.00","33,500.00","34,500.00","32,500.00",,0.00%
2020-07-08,"33,500.00","33,500.00","34,500.00","32,500.00",,0.00%
2020-07-09,"33,500.00","33,500.00","34,500.00","32,500.00",,0.00%
2020-07-10,"34,000.00","34,000.00","35,000.00","33,000.00",,1.49%
2020-07-13,"34,000.00","34,000.00","35,000.00","33,000.00",,0.00%
2020-07-14,"34,000.00","34,000.00","35,000.00","33,000.00",,0.00%
2020-07-15,"34,500.00","34,500.00","35,500.00","33,500.00",,1.47%
2020-07-16,"34,500.00","34,500.00","35,500.00","33,500.00",,0.00%
2020-07-17,"34,500.00","34,500.00","35,500.00","33,500.00",,0.00%
2020-07-20,"34,500.00","34,500.00","35,500.00","33,500.00",,0.00%
2020-07-21,"34,500.00","34,500.00","35,500.00","33,500.00",,0.00%
2020-07-22,"34,500.00","34,500.00","35,500.00","33,500.00",,0.00%
2020-07-23,"34,500.00","34,500.00","35,500.00","33,500.00",,0.00%
2020-07-24,"34,500.00","34,500.00","35,500.00","33,500.00",,0.00%
2020-07-27,"34,500.00","34,500.00","35,500.00","33,500.00",,0.00%
2020-07-28,"34,500.00","34,500.00","35,500.00","33,500.00",,0.00%
2020-07-29,"34,500.00","34,500.00","35,500.00","33,500.00",,0.00%
2020-07-30,"34,500.00","34,500.00","35,500.00","33,500.00",,0.00%
2020-07-31,"34,700.00","34,700.00","35,700.00","33,700.00",,0.58%
2020-08-03,"34,700.00","34,700.00","35,700.00","33,700.00",,0.00%
2020-08-04,"34,700.00","34,700.00","35,700.00","33,700.00",,0.00%
2020-08-05,"34,700.00","34,700.00","35,700.00","33,700.00",,0.00%
2020-08-06,"34,700.00","34,700.00","35,700.00","33,700.00",,0.00%
2020-08-07,"34,700.00","34,700.00","35,700.00","33,700.00",,0.00%
2020-08-10,"34,700.00","34,700.00","35,700.00","33,700.00",,0.00%
2020-08-11,"34,700.00","34,700.00","35,700.00","33,700.00",,0.00%
2020-08-12,"34,700.00","34,700.00","35,700.00","33,700.00",,0.00%
2020-08-13,"34,700.00","34,700.00","35,700.00","33,700.00",,0.00%
2020-08-14,"34,700.00","34,700.00","35,700.00","33,700.00",,0.00%
2020-08-17,"34,700.00","34,700.00","35,700.00","33,700.00",,0.00%
2020-08-18,"34,700.00","34,700.00","35,700.00","33,700.00",,0.00%
2020-08-19,"34,700.00","34,700.00","35,700.00","33,700.00",,0.00%
2020-08-20,"34,000.00","34,000.00","35,000.00","33,000.00",,-2.02%
2020-08-21,"34,000.00","34,000.00","35,000.00","33,000.00",,0.00%
2020-08-24,"34,000.00","34,000.00","35,000.00","33,000.00",,0.00%
2020-08-25,"34,000.00","34,000.00","35,000.00","33,000.00",,0.00%
2020-08-26,"34,000.00","34,000.00","35,000.00","33,000.00",,0.00%
2020-08-27,"34,000.00","34,000.00","35,000.00","33,000.00",,0.00%
2020-08-28,"34,000.00","34,000.00","35,000.00","33,000.00",,0.00%
2020-08-31,"34,000.00","34,000.00","35,000.00","33,000.00",,0.00%
2020-09-01,"34,000.00","34,000.00","35,000.00","33,000.00",,0.00%
2020-09-02,"34,000.00","34,000.00","35,000.00","33,000.00",,0.00%
2020-09-03,"34,000.00","34,000.00","35,000.00","33,000.00",,0.00%
2020-09-04,"34,000.00","34,000.00","35,000.00","33,000.00",,0.00%
2020-09-07,"34,000.00","34,000.00","35,000.00","33,000.00",,0.00%
2020-09-08,"34,000.00","34,000.00","35,000.00","33,000.00",,0.00%
2020-09-09,"34,000.00","34,000.00","35,000.00","33,000.00",,0.00%
2020-09-10,"34,000.00","34,000.00","35,000.00","33,000.00",,0.00%
2020-09-11,"34,000.00","34,000.00","35,000.00","33,000.00",,0.00%
2020-09-14,"34,000.00","34,000.00","35,000.00","33,000.00",,0.00%
2020-09-15,"34,000.00","34,000.00","35,000.00","33,000.00",,0.00%
2020-09-16,"34,000.00","34,000.00","35,000.00","33,000.00",,0.00%
2020-09-17,"34,000.00","34,000.00","35,000.00","33,000.00",,0.00%
2020-09-18,"34,000.00","34,000.00","35,000.00","33,000.00",,0.00%
2020-09-21,"34,300.00","34,300.00","35,300.00","33,300.00",,0.88%
2020-09-22,"34,300.00","34,300.00","35,300.00","33,300.00",,0.00%
2020-09-23,"34,300.00","34,300.00","35,300.00","33,300.00",,0.00%
2020-09-24,"34,300.00","34,300.00","35,300.00","33,300.00",,0.00%
2020-09-25,"34,300.00","34,300.00","35,300.00","33,300.00",,0.00%
2020-09-28,"34,500.00","34,500.00","35,500.00","33,500.00",,0.58%
2020-09-29,"34,500.00","34,500.00","35,500.00","33,500.00",,0.00%
2020-10-12,"34,500.00","34,500.00","35,500.00","33,500.00",,0.00%
2020-10-13,"34,500.00","34,500.00","35,500.00","33,500.00",,0.00%
2020-10-14,"34,800.00","34,800.00","35,800.00","33,800.00",,0.87%
2020-10-15,"35,000.00","35,000.00","36,000.00","34,000.00",,0.57%
2020-10-16,"35,000.00","35,000.00","36,000.00","34,000.00",,0.00%
2020-10-19,"35,000.00","35,000.00","36,000.00","34,000.00",,0.00%
2020-10-20,"35,000.00","35,000.00","36,000.00","34,000.00",,0.00%
2020-10-21,"35,000.00","35,000.00","36,000.00","34,000.00",,0.00%
2020-10-22,"35,000.00","35,000.00","36,000.00","34,000.00",,0.00%
2020-10-23,"35,000.00","35,000.00","36,000.00","34,000.00",,0.00%
2020-10-26,"35,200.00","35,200.00","36,200.00","34,200.00",,0.57%
2020-10-27,"35,500.00","35,500.00","36,500.00","34,500.00",,0.85%
2020-10-28,"35,500.00","35,500.00","36,500.00","34,500.00",,0.00%
2020-10-29,"35,500.00","35,500.00","36,500.00","34,500.00",,0.00%
2020-10-30,"36,000.00","36,000.00","37,000.00","35,000.00",,1.41%
2020-11-02,"36,000.00","36,000.00","37,000.00","35,000.00",,0.00%
2020-11-03,"36,000.00","36,000.00","37,000.00","35,000.00",,0.00%
2020-11-04,"36,000.00","36,000.00","37,000.00","35,000.00",,0.00%
2020-11-05,"36,500.00","36,500.00","37,500.00","35,500.00",,1.39%
2020-11-06,"36,500.00","36,500.00","37,500.00","35,500.00",,0.00%
2020-11-09,"36,500.00","36,500.00","37,500.00","35,500.00",,0.00%
2020-11-10,"36,500.00","36,500.00","37,500.00","35,500.00",,0.00%
2020-11-11,"36,500.00","36,500.00","37,500.00","35,500.00",,0.00%
2020-11-12,"37,000.00","37,000.00","38,000.00","36,000.00",,1.37%
2020-11-13,"37,000.00","37,000.00","38,000.00","36,000.00",,0.00%
2020-11-16,"37,500.00","37,500.00","38,500.00","36,500.00",,1.35%
2020-11-17,"37,500.00","37,500.00","38,500.00","36,500.00",,0.00%
2020-11-18,"38,000.00","38,000.00","39,000.00","37,000.00",,1.33%
2020-11-19,"38,500.00","38,500.00","39,500.00","37,500.00",,1.32%
2020-11-20,"39,000.00","39,000.00","40,000.00","38,000.00",,1.30%
2020-11-23,"39,000.00","39,000.00","40,000.00","38,000.00",,0.00%
2020-11-24,"39,000.00","39,000.00","40,000.00","38,000.00",,0.00%
2020-11-25,"39,000.00","39,000.00","40,000.00","38,000.00",,0.00%
2020-11-26,"39,000.00","39,000.00","40,000.00","38,000.00",,0.00%
2020-11-27,"39,000.00","39,000.00","40,000.00","38,000.00",,0.00%
2020-11-30,"39,000.00","39,000.00","40,000.00","38,000.00",,0.00%
2020-12-01,"40,000.00","40,000.00","41,000.00","39,000.00",,2.56%
2020-12-02,"41,000.00","41,000.00","42,000.00","40,000.00",,2.50%
2020-12-03,"41,000.00","41,000.00","42,000.00","40,000.00",,0.00%
2020-12-04,"41,000.00","41,000.00","42,000.00","40,000.00",,0.00%
2020-12-07,"42,000.00","42,000.00","43,000.00","41,000.00",,2.44%
2020-12-08,"42,000.00","42,000.00","43,000.00","41,000.00",,0.00%
2020-12-09,"42,000.00","42,000.00","43,000.00","41,000.00",,0.00%
2020-12-10,"43,000.00","43,000.00","44,000.00","42,000.00",,2.38%
2020-12-11,"43,000.00","43,000.00","44,000.00","42,000.00",,0.00%
2020-12-14,"43,500.00","43,500.00","44,500.00","42,500.00",,1.16%
2020-12-15,"44,000.00","44,000.00","45,000.00","43,000.00",,1.15%
2020-12-16,"44,000.00","44,000.00","45,000.00","43,000.00",,0.00%
2020-12-17,"44,000.00","44,000.00","45,000.00","43,000.00",,0.00%
2020-12-18,"44,000.00","44,000.00","45,000.00","43,000.00",,0.00%
2020-12-21,"44,000.00","44,000.00","45,000.00","43,000.00",,0.00%
2020-12-22,"44,500.00","44,500.00","45,500.00","43,500.00",,1.14%
2020-12-23,"45,500.00","45,500.00","46,500.00","44,500.00",,2.25%
2020-12-24,"46,000.00","46,000.00","47,000.00","45,000.00",,1.10%
2020-12-25,"46,000.00","46,000.00","47,000.00","45,000.00",,0.00%
2020-12-28,"47,000.00","47,000.00","48,000.00","46,000.00",,2.17%
2020-12-29,"48,000.00","48,000.00","49,000.00","47,000.00",,2.13%
2020-12-30,"48,000.00","48,000.00","49,000.00","47,000.00",,0.00%
2020-12-31,"48,500.00","48,500.00","49,500.00","47,500.00",,1.04%
2021-01-04,"48,500.00","48,500.00","49,500.00","47,500.00",,0.00%
2021-01-05,"49,500.00","49,500.00","50,500.00","48,500.00",,2.06%
2021-01-06,"50,500.00","50,500.00","51,500.00","49,500.00",,2.02%
2021-01-07,"51,500.00","51,500.00","52,500.00","50,500.00",,1.98%
2021-01-08,"52,500.00","52,500.00","53,500.00","51,500.00",,1.94%
2021-01-11,"54,000.00","54,000.00","55,000.00","53,000.00",,2.86%
2021-01-12,"55,000.00","55,000.00","56,000.00","54,000.00",,1.85%
2021-01-13,"55,000.00","55,000.00","56,000.00","54,000.00",,0.00%
2021-01-14,"56,000.00","56,000.00","57,000.00","55,000.00",,1.82%
2021-01-15,"57,000.00","57,000.00","58,000.00","56,000.00",,1.79%
2021-01-18,"58,500.00","58,500.00","59,500.00","57,500.00",,2.63%
2021-01-19,"60,000.00","60,000.00","61,000.00","59,000.00",,2.56%
2021-01-20,"61,500.00","61,500.00","62,500.00","60,500.00",,2.50%
2021-01-21,"61,500.00","61,500.00","62,500.00","60,500.00",,0.00%
2021-01-22,"63,000.00","63,000.00","64,000.00","62,000.00",,2.44%
2021-01-25,"64,500.00","64,500.00","65,500.00","63,500.00",,2.38%
2021-01-26,"66,000.00","66,000.00","67,000.00","65,000.00",,2.33%
2021-01-27,"67,500.00","67,500.00","68,500.00","66,500.00",,2.27%
2021-01-28,"67,500.00","67,500.00","68,500.00","66,500.00",,0.00%
2021-01-29,"68,000.00","68,000.00","69,000.00","67,000.00",,0.74%
2021-02-01,"68,500.00","68,500.00","69,500.00","67,500.00",,0.74%
2021-02-02,"68,500.00","68,500.00","69,500.00","67,500.00",,0.00%
2021-02-03,"68,500.00","68,500.00","69,500.00","67,500.00",,0.00%
2021-02-04,"68,500.00","68,500.00","69,500.00","67,500.00",,0.00%
2021-02-05,"68,500.00","68,500.00","69,500.00","67,500.00",,0.00%
2021-02-22,"70,000.00","70,000.00","71,000.00","69,000.00",,2.19%
2021-02-23,"72,000.00","72,000.00","73,000.00","71,000.00",,2.86%
2021-02-24,"74,000.00","74,000.00","75,000.00","73,000.00",,2.78%
2021-02-25,"76,000.00","76,000.00","77,000.00","75,000.00",,2.70%
2021-02-26,"77,000.00","77,000.00","78,000.00","76,000.00",,1.32%
2021-03-01,"77,500.00","77,500.00","78,500.00","76,500.00",,0.65%
2021-03-02,"77,500.00","77,500.00","78,500.00","76,500.00",,0.00%
2021-03-03,"79,500.00","79,500.00","80,500.00","78,500.00",,2.58%
2021-03-04,"80,000.00","80,000.00","81,000.00","79,000.00",,0.63%
2021-03-05,"80,000.00","80,000.00","81,000.00","79,000.00",,0.00%
2021-03-08,"80,000.00","80,000.00","81,000.00","79,000.00",,0.00%
2021-03-09,"80,000.00","80,000.00","81,000.00","79,000.00",,0.00%
2021-03-10,"80,000.00","80,000.00","81,000.00","79,000.00",,0.00%
2021-03-11,"80,000.00","80,000.00","81,000.00","79,000.00",,0.00%
2021-03-12,"80,000.00","80,000.00","81,000.00","79,000.00",,0.00%
2021-03-15,"80,000.00","80,000.00","81,000.00","79,000.00",,0.00%
2021-03-16,"80,000.00","80,000.00","81,000.00","79,000.00",,0.00%
2021-03-17,"80,000.00","80,000.00","81,000.00","79,000.00",,0.00%
2021-03-18,"82,000.00","82,000.00","83,000.00","81,000.00",,2.50%
2021-03-19,"83,000.00","83,000.00","84,000.00","82,000.00",,1.22%
2021-03-22,"84,000.00","84,000.00","85,000.00","83,000.00",,1.20%
2021-03-23,"84,000.00","84,000.00","85,000.00","83,000.00",,0.00%
2021-03-24,"84,000.00","84,000.00","85,000.00","83,000.00",,0.00%
2021-03-25,"84,000.00","84,000.00","85,000.00","83,000.00",,0.00%
2021-03-26,"84,000.00","84,000.00","85,000.00","83,000.00",,0.00%
2021-03-29,"84,000.00","84,000.00","85,000.00","83,000.00",,0.00%
2021-03-30,"84,000.00","84,000.00","85,000.00","83,000.00",,0.00%
2021-03-31,"84,000.00","84,000.00","85,000.00","83,000.00",,0.00%
2021-04-01,"84,000.00","84,000.00","85,000.00","83,000.00",,0.00%
2021-04-02,"84,000.00","84,000.00","85,000.00","83,000.00",,0.00%
2021-04-06,"84,000.00","84,000.00","85,000.00","83,000.00",,0.00%
2021-04-07,"84,000.00","84,000.00","85,000.00","83,000.00",,0.00%
2021-04-08,"83,000.00","83,000.00","84,000.00","82,000.00",,-1.19%
2021-04-09,"83,000.00","83,000.00","84,000.00","82,000.00",,0.00%
2021-04-12,"83,000.00","83,000.00","84,000.00","82,000.00",,0.00%
2021-04-13,"83,000.00","83,000.00","84,000.00","82,000.00",,0.00%
2021-04-14,"82,000.00","82,000.00","83,000.00","81,000.00",,-1.20%
2021-04-15,"82,000.00","82,000.00","83,000.00","81,000.00",,0.00%
2021-04-16,"82,000.00","82,000.00","83,000.00","81,000.00",,0.00%
2021-04-19,"82,000.00","82,000.00","83,000.00","81,000.00",,0.00%
2021-04-20,"82,000.00","82,000.00","83,000.00","81,000.00",,0.00%
2021-04-21,"82,000.00","82,000.00","83,000.00","81,000.00",,0.00%
2021-04-22,"82,000.00","82,000.00","83,000.00","81,000.00",,0.00%
2021-04-23,"82,000.00","82,000.00","83,000.00","81,000.00",,0.00%
2021-04-26,"82,000.00","82,000.00","83,000.00","81,000.00",,0.00%
2021-04-27,"82,000.00","82,000.00","83,000.00","81,000.00",,0.00%
2021-04-28,"82,000.00","82,000.00","83,000.00","81,000.00",,0.00%
2021-04-29,"82,000.00","82,000.00","83,000.00","81,000.00",,0.00%
2021-04-30,"82,000.00","82,000.00","83,000.00","81,000.00",,0.00%
2021-05-06,"82,000.00","82,000.00","83,000.00","81,000.00",,0.00%
2021-05-07,"82,000.00","82,000.00","83,000.00","81,000.00",,0.00%
2021-05-10,"82,000.00","82,000.00","83,000.00","81,000.00",,0.00%
2021-05-11,"82,000.00","82,000.00","83,000.00","81,000.00",,0.00%
2021-05-12,"82,000.00","82,000.00","83,000.00","81,000.00",,0.00%
2021-05-13,"82,000.00","82,000.00","83,000.00","81,000.00",,0.00%
2021-05-14,"82,000.00","82,000.00","83,000.00","81,000.00",,0.00%
2021-05-17,"82,000.00","82,000.00","83,000.00","81,000.00",,0.00%
2021-05-18,"81,500.00","81,500.00","82,500.00","80,500.00",,-0.61%
2021-05-19,"81,500.00","81,500.00","82,500.00","80,500.00",,0.00%
2021-05-20,"81,500.00","81,500.00","82,500.00","80,500.00",,0.00%
2021-05-21,"81,500.00","81,500.00","82,500.00","80,500.00",,0.00%
2021-05-24,"81,000.00","81,000.00","82,000.00","80,000.00",,-0.61%
2021-05-25,"81,000.00","81,000.00","82,000.00","80,000.00",,0.00%
2021-05-26,"81,000.00","81,000.00","82,000.00","80,000.00",,0.00%
2021-05-27,"81,000.00","81,000.00","82,000.00","80,000.00",,0.00%
2021-05-28,"81,000.00","81,000.00","82,000.00","80,000.00",,0.00%
2021-05-31,"81,000.00","81,000.00","82,000.00","80,000.00",,0.00%
2021-06-01,"81,000.00","81,000.00","82,000.00","80,000.00",,0.00%
2021-06-02,"81,000.00","81,000.00","82,000.00","80,000.00",,0.00%
2021-06-03,"81,000.00","81,000.00","82,000.00","80,000.00",,0.00%
2021-06-04,"81,000.00","81,000.00","82,000.00","80,000.00",,0.00%
2021-06-07,"81,000.00","81,000.00","82,000.00","80,000.00",,0.00%
2021-06-08,"81,000.00","81,000.00","82,000.00","80,000.00",,0.00%
2021-06-09,"81,000.00","81,000.00","82,000.00","80,000.00",,0.00%
2021-06-10,"81,000.00","81,000.00","82,000.00","80,000.00",,0.00%
2021-06-11,"81,000.00","81,000.00","82,000.00","80,000.00",,0.00%
2021-06-15,"81,000.00","81,000.00","82,000.00","80,000.00",,0.00%
2021-06-16,"81,000.00","81,000.00","82,000.00","80,000.00",,0.00%
2021-06-17,"81,000.00","81,000.00","82,000.00","80,000.00",,0.00%
2021-06-18,"81,000.00","81,000.00","82,000.00","80,000.00",,0.00%
2021-06-21,"81,000.00","81,000.00","82,000.00","80,000.00",,0.00%
2021-06-22,"81,000.00","81,000.00","82,000.00","80,000.00",,0.00%
2021-06-23,"80,000.00","80,000.00","81,000.00","79,000.00",,-1.23%
2021-06-24,"80,000.00","80,000.00","81,000.00","79,000.00",,0.00%
2021-06-25,"80,000.00","80,000.00","81,000.00","79,000.00",,0.00%
2021-06-28,"80,000.00","80,000.00","81,000.00","79,000.00",,0.00%
2021-06-29,"80,000.00","80,000.00","81,000.00","79,000.00",,0.00%
2021-06-30,"80,000.00","80,000.00","81,000.00","79,000.00",,0.00%
2021-07-01,"80,000.00","80,000.00","81,000.00","79,000.00",,0.00%
2021-07-02,"80,000.00","80,000.00","81,000.00","79,000.00",,0.00%
2021-07-05,"80,000.00","80,000.00","81,000.00","79,000.00",,0.00%
2021-07-06,"80,000.00","80,000.00","81,000.00","79,000.00",,0.00%
2021-07-07,"80,000.00","80,000.00","81,000.00","79,000.00",,0.00%
2021-07-08,"80,000.00","80,000.00","81,000.00","79,000.00",,0.00%
2021-07-09,"80,000.00","80,000.00","81,000.00","79,000.00",,0.00%
2021-07-12,"80,000.00","80,000.00","81,000.00","79,000.00",,0.00%
2021-07-13,"80,000.00","80,000.00","81,000.00","79,000.00",,0.00%
2021-07-14,"80,000.00","80,000.00","81,000.00","79,000.00",,0.00%
2021-07-15,"80,000.00","80,000.00","81,000.00","79,000.00",,0.00%
2021-07-16,"80,000.00","80,000.00","81,000.00","79,000.00",,0.00%
2021-07-19,"80,000.00","80,000.00","81,000.00","79,000.00",,0.00%
2021-07-20,"80,000.00","80,000.00","81,000.00","79,000.00",,0.00%
2021-07-21,"80,000.00","80,000.00","81,000.00","79,000.00",,0.00%
2021-07-22,"80,000.00","80,000.00","81,000.00","79,000.00",,0.00%
2021-07-23,"80,000.00","80,000.00","81,000.00","79,000.00",,0.00%
2021-07-26,"82,000.00","82,000.00","83,000.00","81,000.00",,2.50%
2021-07-27,"82,000.00","82,000.00","83,000.00","81,000.00",,0.00%
2021-07-28,"83,000.00","83,000.00","84,000.00","82,000.00",,1.22%
2021-07-29,"84,000.00","84,000.00","85,000.00","83,000.00",,1.20%
2021-07-30,"85,000.00","85,000.00","86,000.00","84,000.00",,1.19%
2021-08-02,"85,000.00","85,000.00","86,000.00","84,000.00",,0.00%
2021-08-03,"87,000.00","87,000.00","88,000.00","86,000.00",,2.35%
2021-08-04,"87,000.00","87,000.00","88,000.00","86,000.00",,0.00%
2021-08-05,"87,000.00","87,000.00","88,000.00","86,000.00",,0.00%
2021-08-06,"87,000.00","87,000.00","88,000.00","86,000.00",,0.00%
2021-08-09,"89,000.00","89,000.00","90,000.00","88,000.00",,2.30%
2021-08-10,"91,000.00","91,000.00","92,000.00","90,000.00",,2.25%
2021-08-11,"92,000.00","92,000.00","93,000.00","91,000.00",,1.10%
2021-08-12,"93,000.00","93,000.00","94,000.00","92,000.00",,1.09%
2021-08-13,"94,000.00","94,000.00","95,000.00","93,000.00",,1.08%
2021-08-16,"96,000.00","96,000.00","97,000.00","95,000.00",,2.13%
2021-08-17,"98,000.00","98,000.00","99,000.00","97,000.00",,2.08%
2021-08-18,"100,000.00","100,000.00","101,000.00","99,000.00",,2.04%
2021-08-19,"100,000.00","100,000.00","101,000.00","99,000.00",,0.00%
2021-08-20,"100,000.00","100,000.00","101,000.00","99,000.00",,0.00%
2021-08-23,"102,000.00","102,000.00","103,000.00","101,000.00",,2.00%
2021-08-24,"104,000.00","104,000.00","105,000.00","103,000.00",,1.96%
2021-08-25,"106,000.00","106,000.00","107,000.00","105,000.00",,1.92%
2021-08-26,"107,000.00","107,000.00","108,000.00","106,000.00",,0.94%
2021-08-27,"108,000.00","108,000.00","109,000.00","107,000.00",,0.93%
2021-08-30,"110,000.00","110,000.00","111,000.00","109,000.00",,1.85%
2021-08-31,"112,000.00","112,000.00","113,000.00","111,000.00",,1.82%
2021-09-01,"115,000.00","115,000.00","116,000.00","114,000.00",,2.68%
2021-09-02,"118,000.00","118,000.00","119,000.00","117,000.00",,2.61%
2021-09-03,"120,000.00","120,000.00","121,000.00","119,000.00",,1.69%
2021-09-06,"122,000.00","122,000.00","123,000.00","121,000.00",,1.67%
2021-09-07,"125,000.00","125,000.00","126,000.00","124,000.00",,2.46%
2021-09-08,"128,000.00","128,000.00","129,000.00","127,000.00",,2.40%
2021-09-09,"131,000.00","131,000.00","132,000.00","130,000.00",,2.34%
2021-09-10,"134,000.00","134,000.00","135,000.00","133,000.00",,2.29%
2021-09-13,"137,000.00","137,000.00","138,000.00","136,000.00",,2.24%
2021-09-14,"139,000.00","139,000.00","140,000.00","138,000.00",,1.46%
2021-09-15,"142,000.00","142,000.00","143,000.00","141,000.00",,2.16%
2021-09-16,"145,000.00","145,000.00","146,000.00","144,000.00",,2.11%
2021-09-17,"148,000.00","148,000.00","149,000.00","147,000.00",,2.07%
2021-09-22,"154,000.00","154,000.00","155,000.00","153,000.00",,4.05%
2021-09-23,"157,000.00","157,000.00","158,000.00","156,000.00",,1.95%
2021-09-24,"160,000.00","160,000.00","161,000.00","159,000.00",,1.91%
2021-09-27,"166,000.00","166,000.00","167,000.00","165,000.00",,3.75%
2021-09-28,"169,000.00","169,000.00","170,000.00","168,000.00",,1.81%
2021-09-29,"171,000.00","171,000.00","172,000.00","170,000.00",,1.18%
2021-10-11,"173,000.00","173,000.00","174,000.00","172,000.00",,1.17%
2021-10-12,"173,000.00","173,000.00","174,000.00","172,000.00",,0.00%
2021-10-13,"173,000.00","173,000.00","174,000.00","172,000.00",,0.00%
2021-10-14,"173,000.00","173,000.00","174,000.00","172,000.00",,0.00%
2021-10-15,"173,000.00","173,000.00","174,000.00","172,000.00",,0.00%
2021-10-18,"173,000.00","173,000.00","174,000.00","172,000.00",,0.00%
2021-10-19,"173,000.00","173,000.00","174,000.00","172,000.00",,0.00%
2021-10-20,"173,000.00","173,000.00","174,000.00","172,000.00",,0.00%
2021-10-21,"174,500.00","174,500.00","177,000.00","172,000.00",,0.87%
2021-10-22,"172,500.00","172,500.00","175,000.00","170,000.00",,-1.15%
2021-10-25,"175,500.00","175,500.00","178,000.00","173,000.00",,1.74%
2021-10-26,"175,500.00","175,500.00","178,000.00","173,000.00",,0.00%
2021-10-27,"175,500.00","175,500.00","178,000.00","173,000.00",,0.00%
2021-10-28,"175,500.00","175,500.00","178,000.00","173,000.00",,0.00%
2021-10-29,"175,500.00","175,500.00","178,000.00","173,000.00",,0.00%
2021-11-01,"175,500.00","175,500.00","178,000.00","173,000.00",,0.00%
2021-11-02,"175,500.00","175,500.00","178,000.00","173,000.00",,0.00%
2021-11-03,"175,500.00","175,500.00","178,000.00","173,000.00",,0.00%
2021-11-04,"175,500.00","175,500.00","178,000.00","173,000.00",,0.00%
2021-11-05,"175,500.00","175,500.00","178,000.00","173,000.00",,0.00%
2021-11-08,"175,500.00","175,500.00","178,000.00","173,000.00",,0.00%
2021-11-09,"175,500.00","175,500.00","178,000.00","173,000.00",,0.00%
2021-11-10,"177,500.00","177,500.00","180,000.00","175,000.00",,1.14%
2021-11-11,"178,500.00","178,500.00","181,000.00","176,000.00",,0.56%
2021-11-12,"178,500.00","178,500.00","181,000.00","176,000.00",,0.00%
2021-11-15,"178,500.00","178,500.00","181,000.00","176,000.00",,0.00%
2021-11-16,"178,500.00","178,500.00","181,000.00","176,000.00",,0.00%
2021-11-17,"180,500.00","180,500.00","183,000.00","178,000.00",,1.12%
2021-11-18,"180,500.00","180,500.00","183,000.00","178,000.00",,0.00%
2021-11-19,"180,500.00","180,500.00","183,000.00","178,000.00",,0.00%
2021-11-22,"182,500.00","182,500.00","185,000.00","180,000.00",,1.11%
2021-11-23,"185,500.00","185,500.00","188,000.00","183,000.00",,1.64%
2021-11-24,"185,500.00","185,500.00","188,000.00","183,000.00",,0.00%
2021-11-25,"185,500.00","185,500.00","188,000.00","183,000.00",,0.00%
2021-11-26,"185,500.00","185,500.00","188,000.00","183,000.00",,0.00%
2021-11-29,"185,500.00","185,500.00","188,000.00","183,000.00",,0.00%
2021-11-30,"185,500.00","185,500.00","188,000.00","183,000.00",,0.00%
2021-12-01,"187,500.00","187,500.00","190,000.00","185,000.00",,1.08%
2021-12-02,"189,500.00","189,500.00","192,000.00","187,000.00",,1.07%
2021-12-03,"190,500.00","190,500.00","193,000.00","188,000.00",,0.53%
2021-12-06,"190,500.00","190,500.00","193,000.00","188,000.00",,0.00%
2021-12-07,"190,500.00","190,500.00","193,000.00","188,000.00",,0.00%
2021-12-08,"194,500.00","194,500.00","197,000.00","192,000.00",,2.10%
2021-12-09,"198,500.00","198,500.00","201,000.00","196,000.00",,2.06%
2021-12-10,"202,500.00","202,500.00","205,000.00","200,000.00",,2.02%
2021-12-13,"207,500.00","207,500.00","210,000.00","205,000.00",,2.47%
2021-12-14,"207,500.00","207,500.00","210,000.00","205,000.00",,0.00%
2021-12-15,"209,500.00","209,500.00","212,000.00","207,000.00",,0.96%
2021-12-16,"210,500.00","210,500.00","213,000.00","208,000.00",,0.48%
2021-12-17,"215,500.00","215,500.00","218,000.00","213,000.00",,2.38%
2021-12-20,"221,500.00","221,500.00","224,000.00","219,000.00",,2.78%
2021-12-21,"224,500.00","224,500.00","227,000.00","222,000.00",,1.35%
2021-12-22,"224,500.00","224,500.00","227,000.00","222,000.00",,0.00%
2021-12-23,"230,500.00","230,500.00","233,000.00","228,000.00",,2.67%
2021-12-24,"236,500.00","236,500.00","239,000.00","234,000.00",,2.60%
2021-12-27,"243,500.00","243,500.00","246,000.00","241,000.00",,2.96%
2021-12-28,"250,500.00","250,500.00","253,000.00","248,000.00",,2.87%
2021-12-29,"252,500.00","252,500.00","255,000.00","250,000.00",,0.80%
2021-12-30,"257,500.00","257,500.00","260,000.00","255,000.00",,1.98%
2021-12-31,"264,500.00","264,500.00","267,000.00","262,000.00",,2.72%
2022-01-04,"264,500.00","264,500.00","267,000.00","262,000.00",,0.00%
2022-01-05,"267,500.00","267,500.00","270,000.00","265,000.00",,1.13%
2022-01-06,"275,500.00","275,500.00","278,000.00","273,000.00",,2.99%
2022-01-07,"282,500.00","282,500.00","285,000.00","280,000.00",,2.54%
2022-01-10,"290,500.00","290,500.00","293,000.00","288,000.00",,2.83%
2022-01-11,"298,500.00","298,500.00","301,000.00","296,000.00",,2.75%
2022-01-12,"306,500.00","306,500.00","309,000.00","304,000.00",,2.68%
2022-01-13,"312,500.00","312,500.00","315,000.00","310,000.00",,1.96%
2022-01-14,"312,500.00","312,500.00","315,000.00","310,000.00",,0.00%
2022-01-17,"312,500.00","312,500.00","315,000.00","310,000.00",,0.00%
2022-01-18,"317,500.00","317,500.00","320,000.00","315,000.00",,1.60%
2022-01-19,"325,500.00","325,500.00","328,000.00","323,000.00",,2.52%
2022-01-20,"333,500.00","333,500.00","336,000.00","331,000.00",,2.46%
2022-01-21,"342,500.00","342,500.00","345,000.00","340,000.00",,2.70%
2022-01-24,"352,500.00","352,500.00","353,000.00","348,000.00",,2.92%
2022-01-25,"352,500.00","352,500.00","355,000.00","350,000.00",,0.00%
2022-01-26,"352,500.00","352,500.00","355,000.00","350,000.00",,0.00%
2022-01-27,"352,500.00","352,500.00","355,000.00","350,000.00",,0.00%
2022-01-28,"362,500.00","362,500.00","365,000.00","360,000.00",,2.84%
2022-02-07,"367,500.00","367,500.00","370,000.00","365,000.00",,1.38%
2022-02-08,"367,500.00","367,500.00","370,000.00","365,000.00",,0.00%
2022-02-09,"377,500.00","377,500.00","380,000.00","375,000.00",,2.72%
2022-02-10,"377,500.00","377,500.00","380,000.00","375,000.00",,0.00%
2022-02-11,"387,500.00","387,500.00","390,000.00","385,000.00",,2.65%
2022-02-14,"392,500.00","392,500.00","395,000.00","390,000.00",,1.29%
2022-02-15,"397,500.00","397,500.00","400,000.00","395,000.00",,1.27%
2022-02-16,"408,500.00","408,500.00","411,000.00","406,000.00",,2.77%
2022-02-17,"417,500.00","417,500.00","420,000.00","415,000.00",,2.20%
2022-02-18,"422,500.00","422,500.00","425,000.00","420,000.00",,1.20%
2022-02-21,"432,500.00","432,500.00","435,000.00","430,000.00",,2.37%
2022-02-22,"432,500.00","432,500.00","435,000.00","430,000.00",,0.00%
2022-02-23,"444,500.00","444,500.00","447,000.00","442,000.00",,2.77%
2022-02-24,"447,500.00","447,500.00","450,000.00","445,000.00",,0.67%
2022-02-25,"450,500.00","450,500.00","453,000.00","448,000.00",,0.67%
2022-02-28,"452,500.00","452,500.00","455,000.00","450,000.00",,0.44%
2022-03-01,"452,500.00","452,500.00","455,000.00","450,000.00",,0.00%
2022-03-02,"462,500.00","462,500.00","465,000.00","460,000.00",,2.21%
2022-03-03,"467,500.00","467,500.00","470,000.00","465,000.00",,1.08%
2022-03-04,"467,500.00","467,500.00","470,000.00","465,000.00",,0.00%
2022-03-07,"467,500.00","467,500.00","470,000.00","465,000.00",,0.00%
2022-03-08,"467,500.00","467,500.00","470,000.00","465,000.00",,0.00%
2022-03-09,"467,500.00","467,500.00","470,000.00","465,000.00",,0.00%
2022-03-10,"467,500.00","467,500.00","470,000.00","465,000.00",,0.00%
2022-03-11,"467,500.00","467,500.00","470,000.00","465,000.00",,0.00%
2022-03-14,"467,500.00","467,500.00","470,000.00","465,000.00",,0.00%
2022-03-15,"472,500.00","472,500.00","475,000.00","470,000.00",,1.07%
2022-03-16,"472,500.00","472,500.00","475,000.00","470,000.00",,0.00%
2022-03-17,"472,500.00","472,500.00","475,000.00","470,000.00",,0.00%
2022-03-18,"472,500.00","472,500.00","475,000.00","470,000.00",,0.00%
2022-03-21,"472,500.00","472,500.00","475,000.00","470,000.00",,0.00%
2022-03-22,"472,500.00","472,500.00","475,000.00","470,000.00",,0.00%
2022-03-23,"472,500.00","472,500.00","475,000.00","470,000.00",,0.00%
2022-03-24,"472,500.00","472,500.00","475,000.00","470,000.00",,0.00%
2022-03-25,"472,500.00","472,500.00","475,000.00","470,000.00",,0.00%
2022-03-28,"472,500.00",0.00,"475,000.00","470,000.00",,0.00%
2022-03-29,"471,500.00","471,500.00","474,000.00","469,000.00",,-0.21%
2022-03-30,"471,500.00",0.00,"474,000.00","469,000.00",,0.00%
2022-03-31,"471,500.00","471,500.00","474,000.00","469,000.00",,0.00%
2022-04-01,"471,500.00","471,500.00","474,000.00","469,000.00",,0.00%
2022-04-06,"471,500.00","471,500.00","474,000.00","469,000.00",,0.00%
2022-04-07,"471,500.00","471,500.00","474,000.00","469,000.00",,0.00%
2022-04-08,"471,500.00","471,500.00","474,000.00","469,000.00",,0.00%
2022-04-11,"457,500.00","457,500.00","460,000.00","455,000.00",,-2.97%
2022-04-12,"452,500.00","452,500.00","455,000.00","450,000.00",,-1.09%
2022-04-13,"452,500.00","452,500.00","455,000.00","450,000.00",,0.00%
2022-04-14,"452,500.00","452,500.00","455,000.00","450,000.00",,0.00%
2022-04-15,"450,500.00","450,500.00","453,000.00","448,000.00",,-0.44%
2022-04-18,"450,500.00","450,500.00","453,000.00","448,000.00",,0.00%
2022-04-19,"450,500.00","450,500.00","453,000.00","448,000.00",,0.00%
2022-04-20,"448,500.00","448,500.00","451,000.00","446,000.00",,-0.44%
2022-04-21,"448,500.00","448,500.00","451,000.00","446,000.00",,0.00%
2022-04-22,"447,500.00","447,500.00","450,000.00","445,000.00",,-0.22%
2022-04-25,"442,500.00","442,500.00","445,000.00","440,000.00",,-1.12%
2022-04-26,"439,500.00","439,500.00","442,000.00","437,000.00",,-0.68%
2022-04-27,"435,500.00","435,500.00","438,000.00","433,000.00",,-0.91%
2022-04-28,"432,500.00","432,500.00","435,000.00","430,000.00",,-0.69%
2022-04-29,"432,500.00","432,500.00","435,000.00","430,000.00",,0.00%
2022-05-05,"427,500.00","427,500.00","430,000.00","425,000.00",,-1.16%
2022-05-06,"427,500.00","427,500.00","430,000.00","425,000.00",,0.00%
2022-05-09,"427,500.00","427,500.00","430,000.00","425,000.00",,0.00%
2022-05-10,"427,500.00","427,500.00","430,000.00","425,000.00",,0.00%
2022-05-11,"427,500.00","427,500.00","430,000.00","425,000.00",,0.00%
2022-05-12,"427,500.00","427,500.00","430,000.00","425,000.00",,0.00%
2022-05-13,"427,500.00","427,500.00","430,000.00","425,000.00",,0.00%
2022-05-16,"427,500.00","427,500.00","430,000.00","425,000.00",,0.00%
2022-05-17,"428,500.00","428,500.00","431,000.00","426,000.00",,0.23%
2022-05-18,"428,500.00","428,500.00","431,000.00","426,000.00",,0.00%
2022-05-19,"428,500.00","428,500.00","431,000.00","426,000.00",,0.00%
2022-05-20,"428,500.00","428,500.00","431,000.00","426,000.00",,0.00%
2022-05-23,"428,500.00","428,500.00","431,000.00","426,000.00",,0.00%
2022-05-24,"428,500.00","428,500.00","431,000.00","426,000.00",,0.00%
2022-05-25,"429,500.00","429,500.00","432,000.00","427,000.00",,0.23%
2022-05-26,"433,500.00","433,500.00","436,000.00","431,000.00",,0.93%
2022-05-27,"438,500.00","438,500.00","441,000.00","436,000.00",,1.15%
2022-05-30,"439,500.00","439,500.00","442,000.00","437,000.00",,0.23%
2022-05-31,"439,500.00","439,500.00","442,000.00","437,000.00",,0.00%
2022-06-01,"439,500.00","439,500.00","442,000.00","437,000.00",,0.00%
2022-06-02,"439,500.00","439,500.00","442,000.00","437,000.00",,0.00%
2022-06-06,"447,500.00","447,500.00","450,000.00","445,000.00",,1.82%
2022-06-07,"452,500.00","452,500.00","455,000.00","450,000.00",,1.12%
2022-06-08,"452,500.00","452,500.00","455,000.00","450,000.00",,0.00%
2022-06-09,"452,500.00","452,500.00","455,000.00","450,000.00",,0.00%
2022-06-10,"452,500.00","452,500.00","455,000.00","450,000.00",,0.00%
2022-06-13,"455,500.00","455,500.00","458,000.00","453,000.00",,0.66%
2022-06-14,"457,500.00","457,500.00","460,000.00","455,000.00",,0.44%
2022-06-15,"457,500.00","457,500.00","460,000.00","455,000.00",,0.00%
2022-06-16,"457,500.00","457,500.00","460,000.00","455,000.00",,0.00%
2022-06-17,"457,500.00","457,500.00","460,000.00","455,000.00",,0.00%
2022-06-20,"457,500.00","457,500.00","460,000.00","455,000.00",,0.00%
2022-06-21,"457,500.00","457,500.00","460,000.00","455,000.00",,0.00%
2022-06-22,"457,500.00","457,500.00","460,000.00","455,000.00",,0.00%
2022-06-23,"457,500.00","457,500.00","460,000.00","455,000.00",,0.00%
2022-06-24,"457,500.00","457,500.00","460,000.00","455,000.00",,0.00%
2022-06-27,"457,500.00","457,500.00","460,000.00","455,000.00",,0.00%
2022-06-28,"457,500.00","457,500.00","460,000.00","455,000.00",,0.00%
2022-06-29,"455,500.00","455,500.00","458,000.00","453,000.00",,-0.44%
2022-06-30,"455,500.00","455,500.00","458,000.00","453,000.00",,0.00%
2022-07-01,"455,500.00","455,500.00","458,000.00","453,000.00",,0.00%
2022-07-04,"455,500.00","455,500.00","458,000.00","453,000.00",,0.00%
2022-07-05,"455,500.00","455,500.00","458,000.00","453,000.00",,0.00%
2022-07-06,"455,500.00","455,500.00","458,000.00","453,000.00",,0.00%
2022-07-07,"455,500.00","455,500.00","458,000.00","453,000.00",,0.00%
2022-07-08,"455,500.00","455,500.00","458,000.00","453,000.00",,0.00%
2022-07-11,"455,500.00","455,500.00","458,000.00","453,000.00",,0.00%
2022-07-12,"455,500.00","455,500.00","458,000.00","453,000.00",,0.00%
2022-07-13,"455,500.00","455,500.00","458,000.00","453,000.00",,0.00%
2022-07-14,"455,500.00","455,500.00","458,000.00","453,000.00",,0.00%
2022-07-15,"455,500.00","455,500.00","458,000.00","453,000.00",,0.00%
2022-07-18,"455,500.00","455,500.00","458,000.00","453,000.00",,0.00%
2022-07-19,"455,500.00","455,500.00","458,000.00","453,000.00",,0.00%
2022-07-20,"455,500.00","455,500.00","458,000.00","453,000.00",,0.00%
2022-07-21,"455,500.00","455,500.00","458,000.00","453,000.00",,0.00%
2022-07-22,"455,500.00","455,500.00","458,000.00","453,000.00",,0.00%
2022-07-25,"455,500.00","455,500.00","458,000.00","453,000.00",,0.00%
2022-07-26,"457,500.00","457,500.00","460,000.00","455,000.00",,0.44%
2022-07-27,"458,500.00","458,500.00","461,000.00","456,000.00",,0.22%
2022-07-28,"458,500.00","458,500.00","461,000.00","456,000.00",,0.00%
2022-07-29,"458,500.00","458,500.00","461,000.00","456,000.00",,0.00%
2022-08-01,"458,500.00","458,500.00","461,000.00","456,000.00",,0.00%
2022-08-02,"458,500.00","458,500.00","461,000.00","456,000.00",,0.00%
2022-08-03,"458,500.00","458,500.00","461,000.00","456,000.00",,0.00%
2022-08-04,"458,500.00","458,500.00","461,000.00","456,000.00",,0.00%
2022-08-05,"458,500.00","458,500.00","461,000.00","456,000.00",,0.00%
2022-08-08,"458,500.00","458,500.00","461,000.00","456,000.00",,0.00%
2022-08-09,"458,500.00","458,500.00","461,000.00","456,000.00",,0.00%
2022-08-10,"458,500.00","458,500.00","461,000.00","456,000.00",,0.00%
2022-08-11,"458,500.00","458,500.00","461,000.00","456,000.00",,0.00%
2022-08-12,"462,500.00","462,500.00","465,000.00","460,000.00",,0.87%
2022-08-15,"464,500.00","464,500.00","467,000.00","462,000.00",,0.43%
2022-08-16,"464,500.00","464,500.00","467,000.00","462,000.00",,0.00%
2022-08-17,"464,500.00","464,500.00","467,000.00","462,000.00",,0.00%
2022-08-18,"464,500.00","464,500.00","467,000.00","462,000.00",,0.00%
2022-08-19,"465,500.00","465,500.00","468,000.00","463,000.00",,0.22%
2022-08-22,"469,500.00","469,500.00","472,000.00","467,000.00",,0.86%
2022-08-23,"472,500.00","472,500.00","475,000.00","470,000.00",,0.64%
2022-08-24,"475,500.00","475,500.00","478,000.00","473,000.00",,0.63%
2022-08-25,"475,500.00","475,500.00","478,000.00","473,000.00",,0.00%
2022-08-26,"475,500.00","475,500.00","478,000.00","473,000.00",,0.00%
2022-08-29,"475,500.00","475,500.00","478,000.00","473,000.00",,0.00%
2022-08-30,"475,500.00","475,500.00","478,000.00","473,000.00",,0.00%
2022-08-31,"475,500.00","475,500.00","478,000.00","473,000.00",,0.00%
2022-09-01,"475,500.00","475,500.00","478,000.00","473,000.00",,0.00%
2022-09-02,"476,500.00","476,500.00","479,000.00","474,000.00",,0.21%
2022-09-05,"478,500.00","478,500.00","481,000.00","476,000.00",,0.42%
2022-09-06,"482,500.00","482,500.00","485,000.00","480,000.00",,0.84%
2022-09-07,"482,500.00","482,500.00","485,000.00","480,000.00",,0.00%
2022-09-08,"482,500.00","482,500.00","485,000.00","480,000.00",,0.00%
2022-09-09,"482,500.00","482,500.00","485,000.00","480,000.00",,0.00%
2022-09-13,"482,500.00","482,500.00","485,000.00","480,000.00",,0.00%
2022-09-14,"482,500.00","482,500.00","485,000.00","480,000.00",,0.00%
2022-09-15,"482,500.00","482,500.00","485,000.00","480,000.00",,0.00%
2022-09-16,"485,500.00","485,500.00","488,000.00","483,000.00",,0.62%
2022-09-19,"485,500.00","485,500.00","488,000.00","483,000.00",,0.00%
2022-09-20,"486,500.00","486,500.00","489,000.00","484,000.00",,0.21%
2022-09-21,"486,500.00","486,500.00","489,000.00","484,000.00",,0.00%
2022-09-22,"486,500.00","486,500.00","489,000.00","484,000.00",,0.00%
2022-09-23,"486,500.00","486,500.00","489,000.00","484,000.00",,0.00%
2022-09-26,"489,500.00","489,500.00","492,000.00","487,000.00",,0.62%
2022-09-27,"494,500.00","494,500.00","497,000.00","492,000.00",,1.02%
2022-09-28,"494,500.00","494,500.00","497,000.00","492,000.00",,0.00%
2022-09-29,"494,500.00","494,500.00","497,000.00","492,000.00",,0.00%
2022-10-10,"501,500.00","501,500.00","504,000.00","499,000.00",,1.42%
2022-10-11,"507,500.00","507,500.00","510,000.00","505,000.00",,1.20%
2022-10-12,"509,500.00","509,500.00","512,000.00","507,000.00",,0.39%
2022-10-13,"514,500.00","514,500.00","517,000.00","512,000.00",,0.98%
2022-10-14,"524,500.00","524,500.00","527,000.00","522,000.00",,1.94%
2022-10-17,"525,500.00","525,500.00","528,000.00","523,000.00",,0.19%
2022-10-18,"525,500.00","525,500.00","528,000.00","523,000.00",,0.00%
2022-10-19,"525,500.00","525,500.00","528,000.00","523,000.00",,0.00%
2022-10-20,"525,500.00","525,500.00","528,000.00","523,000.00",,0.00%
2022-10-21,"540,500.00","540,500.00","543,000.00","538,000.00",,2.85%
2022-10-24,"540,500.00","540,500.00","543,000.00","538,000.00",,0.00%
2022-10-25,"540,500.00","540,500.00","543,000.00","538,000.00",,0.00%
2022-10-26,"547,500.00","547,500.00","550,000.00","545,000.00",,1.30%
2022-10-27,"547,500.00","547,500.00","550,000.00","545,000.00",,0.00%
2022-10-28,"549,500.00","549,500.00","552,000.00","547,000.00",,0.37%
2022-10-31,"550,500.00","550,500.00","553,000.00","548,000.00",,0.18%
2022-11-01,"557,500.00","557,500.00","560,000.00","555,000.00",,1.27%
2022-11-02,"557,500.00","557,500.00","560,000.00","555,000.00",,0.00%
2022-11-03,"562,500.00","562,500.00","565,000.00","560,000.00",,0.90%
2022-11-04,"572,500.00","572,500.00","575,000.00","570,000.00",,1.78%
2022-11-07,"574,500.00","574,500.00","577,000.00","572,000.00",,0.35%
2022-11-08,"577,500.00","577,500.00","580,000.00","575,000.00",,0.52%
2022-11-09,"577,500.00","577,500.00","580,000.00","575,000.00",,0.00%
2022-11-10,"577,500.00","577,500.00","580,000.00","575,000.00",,0.00%
2022-11-11,"581,500.00","581,500.00","584,000.00","579,000.00",,0.69%
2022-11-14,"581,500.00","581,500.00","584,000.00","579,000.00",,0.00%
2022-11-15,"578,500.00","578,500.00","581,000.00","576,000.00",,-0.52%
2022-11-16,"576,500.00","576,500.00","579,000.00","574,000.00",,-0.35%
2022-11-17,"576,500.00","576,500.00","579,000.00","574,000.00",,0.00%
2022-11-18,"576,500.00","576,500.00","579,000.00","574,000.00",,0.00%
2022-11-21,"576,500.00","576,500.00","579,000.00","574,000.00",,0.00%
2022-11-22,"576,500.00","576,500.00","579,000.00","574,000.00",,0.00%
2022-11-23,"575,500.00","575,500.00","578,000.00","573,000.00",,-0.17%
2022-11-24,"565,500.00","565,500.00","568,000.00","563,000.00",,-1.74%
2022-11-25,"562,500.00","562,500.00","565,000.00","560,000.00",,-0.53%
2022-11-28,"562,500.00","562,500.00","565,000.00","560,000.00",,0.00%
2022-11-29,"562,500.00","562,500.00","565,000.00","560,000.00",,0.00%
2022-11-30,"562,500.00","562,500.00","565,000.00","560,000.00",,0.00%
2022-12-01,"562,500.00","562,500.00","565,000.00","560,000.00",,0.00%
2022-12-02,"559,500.00","559,500.00","562,000.00","557,000.00",,-0.53%
2022-12-05,"559,500.00","559,500.00","562,000.00","557,000.00",,0.00%
2022-12-06,"543,500.00","543,500.00","546,000.00","541,000.00",,-2.86%
2022-12-07,"540,500.00","540,500.00","543,000.00","538,000.00",,-0.55%
2022-12-08,"540,500.00","540,500.00","543,000.00","538,000.00",,0.00%
2022-12-09,"537,500.00","537,500.00","540,000.00","535,000.00",,-0.56%
2022-12-12,"535,500.00","535,500.00","538,000.00","533,000.00",,-0.37%
2022-12-13,"532,500.00","532,500.00","535,000.00","530,000.00",,-0.56%
2022-12-14,"527,500.00","527,500.00","530,000.00","525,000.00",,-0.94%
2022-12-15,"527,500.00","527,500.00","530,000.00","525,000.00",,0.00%
2022-12-16,"520,500.00","520,500.00","523,000.00","518,000.00",,-1.33%
2022-12-19,"519,500.00","519,500.00","522,000.00","517,000.00",,-0.19%
2022-12-20,"517,500.00","517,500.00","520,000.00","515,000.00",,-0.38%
2022-12-21,"512,500.00","512,500.00","515,000.00","510,000.00",,-0.97%
2022-12-22,"510,500.00","510,500.00","513,000.00","508,000.00",,-0.39%
2022-12-23,"497,500.00","497,500.00","500,000.00","495,000.00",,-2.55%
2022-12-26,"492,500.00","492,500.00","495,000.00","490,000.00",,-1.01%
2022-12-27,"482,500.00","482,500.00","485,000.00","480,000.00",,-2.03%
2022-12-28,"482,500.00","482,500.00","485,000.00","480,000.00",,0.00%
2022-12-29,"477,500.00","477,500.00","480,000.00","475,000.00",,-1.04%
2022-12-30,"474,500.00","474,500.00","477,000.00","472,000.00",,-0.63%
