Date,obs,true_ar,true_ma
2005-01-11,0.0,0.0015033665778182393,0.0015943332154669894
2005-01-18,0.0,0.0015033665778182393,0.0016695240698813793
2005-01-25,0.0,0.0015033665778182393,0.0016519874698027086
2005-02-01,0.0,0.0015033665778182393,0.0016558526893686964
2005-03-01,0.0,0.0015033665778182393,0.0016549896984954298
2005-03-08,0.0,0.0015033665778182393,0.0016551818293004514
2005-03-15,0.0,0.0015033665778182393,0.0016551390272449334
2005-03-22,0.0,0.0015033665778182393,0.0016551485611451884
2005-03-29,0.0,0.0015033665778182393,0.001655146437459138
2005-04-05,0.0,0.0015033665778182393,0.0016551469105090498
2005-04-12,0.0,0.0015033665778182393,0.0016551468051372743
2005-04-19,0.0,0.0015033665778182393,0.0016551468286088084
2005-04-26,0.0,0.0015033665778182393,0.0016551468233805303
2005-05-17,0.0,0.0015033665778182393,0.0016551468245451278
2005-05-24,0.0001851680405255962,0.001554983043486847,0.0016963929574493994
2005-05-31,-0.0001851680405255962,0.0014517501121496317,0.0016047131256791602
2005-06-07,0.0,0.0015033665778182393,0.001666380917671691
2005-06-14,0.0,0.0015033665778182393,0.0016526444329456307
2005-06-21,0.0,0.0015033665778182393,0.0016557042313676683
2005-06-28,0.0,0.0015033665778182393,0.0016550226620600753
2005-07-05,0.0,0.0015033665778182393,0.0016551744814471653
2005-07-12,0.0,0.0015033665778182393,0.0016551406637179342
2005-07-19,0.0,0.0015033665778182393,0.001655148196608379
2005-08-09,0.0,0.0015033665778182393,0.0016551465186589796
2005-08-16,0.0,0.0015033665778182393,0.0016551468924217746
2005-08-23,0.0,0.0015033665778182393,0.0016551468091662086
2005-08-30,0.0,0.0015033665778182393,0.0016551468277113644
2005-09-06,0.0,0.0015033665778182393,0.0016551468235804358
2005-09-13,0.0,0.0015033665778182393,0.001655146824500599
2005-09-20,0.0,0.0015033665778182393,0.001655146824295633
2005-09-27,0.0,0.0015033665778182393,0.001655146824341289
2005-10-18,0.0,0.0015033665778182393,0.0016551468243311191
2005-10-25,0.0,0.0015033665778182393,0.0016551468243333845
2005-11-01,0.0,0.0015033665778182393,0.0016551468243328799
2005-11-08,0.0,0.0015033665778182393,0.0016551468243329922
2005-11-15,0.0,0.0015033665778182393,0.0016551468243329673
2005-11-22,0.0,0.0015033665778182393,0.001655146824332973
2005-11-29,0.0,0.0015033665778182393,0.0016551468243329716
2005-12-06,0.0,0.0015033665778182393,0.0016551468243329718
2005-12-13,0.0,0.0015033665778182393,0.0016551468243329718
2005-12-20,0.0,0.0015033665778182393,0.0016551468243329718
2005-12-27,0.0,0.0015033665778182393,0.0016551468243329718
2006-01-17,0.0,0.0015033665778182393,0.0016551468243329718
2006-01-24,0.0,0.0015033665778182393,0.0016551468243329718
2006-02-14,0.0,0.0015033665778182393,0.0016551468243329718
2006-02-21,0.0,0.0015033665778182393,0.0016551468243329718
2006-02-28,0.0,0.0015033665778182393,0.0016551468243329718
2006-03-07,0.0,0.0015033665778182393,0.0016551468243329718
2006-03-14,0.0,0.0015033665778182393,0.0016551468243329718
2006-03-21,0.0,0.0015033665778182393,0.0016551468243329718
2006-03-28,0.0,0.0015033665778182393,0.0016551468243329718
2006-04-04,0.0,0.0015033665778182393,0.0016551468243329718
2006-04-11,0.0,0.0015033665778182393,0.0016551468243329718
2006-04-18,0.0,0.0015033665778182393,0.0016551468243329718
2006-04-25,0.0,0.0015033665778182393,0.0016551468243329718
2006-05-16,0.0,0.0015033665778182393,0.0016551468243329718
2006-06-06,0.0,0.0015033665778182393,0.0016551468243329718
2006-06-13,0.0,0.0015033665778182393,0.0016551468243329718
2006-06-20,0.0,0.0015033665778182393,0.0016551468243329718
2006-06-27,0.0,0.0015033665778182393,0.0016551468243329718
2006-07-04,0.0,0.0015033665778182393,0.0016551468243329718
2006-07-11,0.0,0.0015033665778182393,0.0016551468243329718
2006-07-18,0.0,0.0015033665778182393,0.0016551468243329718
2006-07-25,0.0,0.0015033665778182393,0.0016551468243329718
2006-08-01,0.0,0.0015033665778182393,0.0016551468243329718
2006-08-08,0.0,0.0015033665778182393,0.0016551468243329718
2006-08-15,0.0,0.0015033665778182393,0.0016551468243329718
2007-01-16,0.0,0.0015033665778182393,0.0016551468243329718
2007-01-23,0.0,0.0015033665778182393,0.0016551468243329718
2007-01-30,0.0,0.0015033665778182393,0.0016551468243329718
2007-02-06,0.0,0.0015033665778182393,0.0016551468243329718
2007-02-13,0.0,0.0015033665778182393,0.0016551468243329718
2007-03-06,0.0,0.0015033665778182393,0.0016551468243329718
2007-03-13,0.0,0.0015033665778182393,0.0016551468243329718
2007-03-20,0.1431008436406742,0.04139340247149402,0.03353082275569364
2007-03-27,0.0,0.0015033665778182393,-0.005445151749953886
2007-04-03,0.0,0.0015033665778182393,0.0032367364964258627
2007-04-10,0.0,0.0015033665778182393,0.0013028481336934536
2007-04-17,0.0,0.0015033665778182393,0.0017336212666085593
2007-04-24,0.0,0.0015033665778182393,0.0016376666626006485
2007-05-15,0.0,0.0015033665778182393,0.0016590405258404654
2007-05-22,0.0,0.0015033665778182393,0.001654279503328646
2007-05-29,0.0,0.0015033665778182393,0.0016553400198624948
2007-06-05,0.0,0.0015033665778182393,0.0016551037900787088
2007-06-12,-0.03390155167568132,-0.00794685103648136,-0.005896405462471287
2007-06-19,0.0,0.0015033665778182393,0.003337253144246237
2007-06-26,0.0,0.0015033665778182393,0.0012804580763736359
2007-07-03,0.0,0.0015033665778182393,0.0017386086460890269
2007-07-10,0.0,0.0015033665778182393,0.0016365557251105433
2007-07-17,0.0,0.0015033665778182393,0.0016592879868792243
2007-07-24,0.0,0.0015033665778182393,0.0016542243814462276
2007-07-31,0.0,0.0015033665778182393,0.0016553522982475553
2007-08-07,-0.0531098253139497,-0.013301248015509972,-0.010175098805451446
2007-08-14,0.0,0.0015033665778182393,0.004290330980411698
2007-08-21,0.0,0.0015033665778182393,0.001068160234725289
2007-08-28,0.0,0.0015033665778182393,0.0017858979354401245
2007-09-04,0.0,0.0015033665778182393,0.001626022048131217
2007-09-11,0.0,0.0015033665778182393,0.0016616343607035585
2007-09-18,0.0,0.0015033665778182393,0.0016537017272833625
2007-09-25,0.0,0.0015033665778182393,0.0016554687193272345
2007-10-16,0.0,0.0015033665778182393,0.0016550751223062053
2007-10-23,0.0,0.0015033665778182393,0.0016551627959409
2007-10-30,0.0,0.0015033665778182393,0.0016551432666614342
2007-11-06,0.0,0.0015033665778182393,0.0016551476168033873
2007-11-13,-0.3310325133253933,-0.09077350966255604,-0.07208226012807012
2007-11-20,0.0,0.0015033665778182393,0.01808013516287543
2007-11-27,0.0,0.0015033665778182393,-0.0020035150824438248
2007-12-04,0.0,0.0015033665778182393,0.0024701128183537307
2007-12-11,0.0,0.0015033665778182393,0.0014736133598223463
2007-12-18,0.0,0.0015033665778182393,0.0016955833566288103
2007-12-25,0.0,0.0015033665778182393,0.001646139597216361
2008-01-15,0.0,0.0015033665778182393,0.0016571531818449525
2008-01-22,0.40123677199864183,0.11335001143113449,0.09103008715722731
2008-01-29,0.0,0.0015033665778182393,-0.01825309803262665
2008-02-05,0.0,0.0015033665778182393,0.006089703220213299
2008-02-26,0.0,0.0015033665778182393,0.0006673505334224533
2008-03-04,0.008438868645866293,0.003855741061583621,0.003754934002336798
2008-03-11,0.0,0.0015033665778182393,0.0011874197731987193
2008-03-18,0.0,0.0015033665778182393,0.0017593329040721181
2008-03-25,0.0,0.0015033665778182393,0.0016319394020017455
2008-04-01,0.0,0.0015033665778182393,0.0016603162716584531
2008-04-08,0.0,0.0015033665778182393,0.0016539953312774518
2008-04-15,0.0,0.0015033665778182393,0.0016554033191134437
2008-04-22,0.0,0.0015033665778182393,0.0016550896901869222
2008-04-29,0.0,0.0015033665778182393,0.001655159550949236
2008-05-06,0.0,0.0015033665778182393,0.0016551439894824885
2008-05-13,0.0,0.0015033665778182393,0.0016551474557951842
2008-05-20,0.0,0.0015033665778182393,0.0016551466836749271
2008-05-27,0.0,0.0015033665778182393,0.0016551468556645149
2008-06-03,0.0,0.0015033665778182393,0.0016551468173538787
2008-06-10,0.0,0.0015033665778182393,0.001655146825887563
2008-06-17,0.0,0.0015033665778182393,0.001655146823986687
2008-06-24,-0.03419136474827944,-0.00802763779897889,-0.005960970835271704
2008-07-01,0.0,0.0015033665778182393,0.0033516350643482693
2008-07-08,0.0,0.0015033665778182393,0.0012772545073884366
2008-07-15,0.0,0.0015033665778182393,0.0017393222402524015
2008-07-22,0.0,0.0015033665778182393,0.0016363967721951058
2008-07-29,0.0,0.0015033665778182393,0.0016593233936000509
2008-08-05,0.0,0.0015033665778182393,0.0016542164946083157
2008-08-12,0.0,0.0015033665778182393,0.0016553540550386615
2008-08-19,0.0,0.0015033665778182393,0.0016551006637468457
2008-08-26,0.0,0.0015033665778182393,0.0016551571065915995
2008-09-02,0.0,0.0015033665778182393,0.0016551445339625204
2008-09-09,0.0,0.0015033665778182393,0.0016551473345123979
2008-09-16,0.0,0.0015033665778182393,0.0016551467106906365
2008-09-23,0.0,0.0015033665778182393,0.0016551468496467728
2008-10-14,0.0,0.0015033665778182393,0.0016551468186943293
2008-10-21,0.0,0.0015033665778182393,0.001655146825588978
2008-10-28,0.0,0.0015033665778182393,0.0016551468240531967
2008-11-04,0.0,0.0015033665778182393,0.0016551468243952917
2008-11-11,-0.29058483210974373,-0.0794985275278622,-0.06307254941594465
2008-11-18,0.0,0.0015033665778182393,0.016073224430635757
2008-11-25,0.0,0.0015033665778182393,-0.0015564762355962545
2008-12-02,0.0,0.0015033665778182393,0.0023705350307718265
2008-12-09,0.0,0.0015033665778182393,0.001495794286266727
2008-12-16,0.0,0.0015033665778182393,0.001690642560996789
2008-12-23,0.0,0.0015033665778182393,0.0016472401581662662
2008-12-30,-0.09763846956391475,-0.025713817866516456,-0.02009203582498295
2009-01-06,0.0,0.0015033665778182393,0.006499326138120544
2009-01-13,0.0,0.0015033665778182393,0.000576107134340504
2009-01-20,0.037740327982845656,0.012023661214620122,0.010302150939185137
2009-02-10,0.0,0.0015033665778182393,-0.0002709711071187367
2009-02-17,0.0,0.0015033665778182393,0.002084189095688851
2009-02-24,0.0,0.0015033665778182393,0.0015595777692899747
2009-03-03,0.0,0.0015033665778182393,0.0016764348066405134
2009-03-10,0.0,0.0015033665778182393,0.0016504049317766175
2009-03-17,0.0,0.0015033665778182393,0.0016562030796741858
2009-03-24,0.0,0.0015033665778182393,0.001654911543728744
2009-03-31,0.0,0.0015033665778182393,0.0016551992330267468
2009-04-07,0.0,0.0015033665778182393,0.0016551351503099805
2009-04-14,0.0,0.0015033665778182393,0.0016551494247185755
2009-04-21,0.0,0.0015033665778182393,0.0016551462450977508
2009-04-28,0.0,0.0015033665778182393,0.0016551469533574675
2009-05-05,0.024391453124160023,0.008302599313753697,0.007088336674144352
2009-05-12,0.0,0.0015033665778182393,0.0004449051896923213
2009-05-19,0.0,0.0015033665778182393,0.001924727835618363
2009-05-26,0.0,0.0015033665778182393,0.001595097723752134
2009-06-02,0.0,0.0015033665778182393,0.001668522745965487
2009-06-09,0.0,0.0015033665778182393,0.0016521673412468207
2009-06-16,0.0,0.0015033665778182393,0.0016558105034202566
2009-06-23,0.0,0.0015033665778182393,0.001654998989987831
2009-06-30,-0.024391453124160023,-0.005295866158117219,-0.003778010124156414
2009-07-07,0.0,0.0015033665778182393,0.0028653811302126525
2009-07-14,0.0,0.0015033665778182393,0.0013855674455271925
2009-07-21,0.0,0.0015033665778182393,0.001715195561279398
2009-07-28,0.0,0.0015033665778182393,0.0016417709836999278
2009-08-04,0.0,0.0015033665778182393,0.0016581262893765117
2009-08-11,0.0,0.0015033665778182393,0.001654483149264674
2009-08-18,0.0,0.0015033665778182393,0.0016552946577828842
2009-08-25,0.0,0.0015033665778182393,0.0016551138944702168
2009-09-01,0.0,0.0015033665778182393,0.0016551541594513886
2009-09-08,0.0,0.0015033665778182393,0.0016551451904372404
2009-09-15,0.0,0.0015033665778182393,0.0016551471882828236
2009-09-22,0.0,0.0015033665778182393,0.0016551467432632365
2009-09-29,0.0,0.0015033665778182393,0.0016551468423912344
2009-10-20,0.0,0.0015033665778182393,0.0016551468203104985
2009-10-27,0.0,0.0015033665778182393,0.0016551468252289767
2009-11-03,0.0,0.0015033665778182393,0.0016551468241333869
2009-11-10,0.0,0.0015033665778182393,0.0016551468243774293
2009-11-17,0.0,0.0015033665778182393,0.001655146824323069
2009-11-24,0.0,0.0015033665778182393,0.0016551468243351777
2009-12-01,0.0,0.0015033665778182393,0.0016551468243324804
2009-12-08,0.0,0.0015033665778182393,0.0016551468243330813
2009-12-15,0.0,0.0015033665778182393,0.0016551468243329475
2009-12-22,0.0,0.0015033665778182393,0.0016551468243329772
2009-12-29,0.0,0.0015033665778182393,0.0016551468243329705
2010-01-05,0.0,0.0015033665778182393,0.001655146824332972
2010-01-12,0.0,0.0015033665778182393,0.0016551468243329718
2010-01-19,0.0,0.0015033665778182393,0.0016551468243329718
2010-01-26,0.0,0.0015033665778182393,0.0016551468243329718
2010-02-02,0.0,0.0015033665778182393,0.0016551468243329718
2010-02-09,0.0,0.0015033665778182393,0.0016551468243329718
2010-03-02,0.0,0.0015033665778182393,0.0016551468243329718
2010-03-09,0.0,0.0015033665778182393,0.0016551468243329718
2010-03-16,0.0,0.0015033665778182393,0.0016551468243329718
2010-03-23,0.0,0.0015033665778182393,0.0016551468243329718
2010-03-30,0.0,0.0015033665778182393,0.0016551468243329718
2010-04-06,0.0,0.0015033665778182393,0.0016551468243329718
2010-04-13,0.0,0.0015033665778182393,0.0016551468243329718
2010-04-20,0.0,0.0015033665778182393,0.0016551468243329718
2010-04-27,0.0,0.0015033665778182393,0.0016551468243329718
2010-05-04,0.0,0.0015033665778182393,0.0016551468243329718
2010-05-11,0.0,0.0015033665778182393,0.0016551468243329718
2010-05-18,0.0,0.0015033665778182393,0.0016551468243329718
2010-05-25,0.0,0.0015033665778182393,0.0016551468243329718
2010-06-01,0.0,0.0015033665778182393,0.0016551468243329718
2010-06-08,0.0,0.0015033665778182393,0.0016551468243329718
2010-06-29,0.0,0.0015033665778182393,0.0016551468243329718
2010-07-06,0.0,0.0015033665778182393,0.0016551468243329718
2010-07-13,0.0,0.0015033665778182393,0.0016551468243329718
2010-07-20,0.0,0.0015033665778182393,0.0016551468243329718
2010-07-27,-0.037740327982845656,-0.009016928058983643,-0.006751501478490289
2010-08-03,0.0,0.0015033665778182393,0.003527725560783913
2010-08-10,0.0,0.0015033665778182393,0.0012380303948243679
2010-08-17,-0.025975486403261527,-0.005737422914545564,-0.004037973480833448
2010-08-24,0.0,0.0015033665778182393,0.00292328790071551
2010-08-31,0.0,0.0015033665778182393,0.0013726687273657844
2010-09-07,0.0,0.0015033665778182393,0.0017180687474157106
2010-09-14,0.025975486403261527,0.008744156070182044,0.007427163864251345
2010-09-21,0.0,0.0015033665778182393,0.00036943152067815655
2010-09-28,0.0,0.0015033665778182393,0.0019415395758823628
2010-10-19,0.0,0.0015033665778182393,0.0015913529129539315
2010-10-26,0.0,0.0015033665778182393,0.0016693569016028044
2010-11-02,0.0,0.0015033665778182393,0.0016519815332942261
2010-11-09,0.0,0.0015033665778182393,0.0016558518920936683
2010-11-16,0.0,0.0015033665778182393,0.001654989770671527
2010-11-23,0.0,0.0015033665778182393,0.0016551818079954623
2010-11-30,0.0,0.0015033665778182393,0.0016551390317311948
2010-12-07,0.0,0.0015033665778182393,0.0016551485601330033
2010-12-14,0.0,0.0015033665778182393,0.0016551464376839634
2010-12-21,0.0,0.0015033665778182393,0.0016551469104589384
2010-12-28,0.0,0.0015033665778182393,0.001655146805148435
2011-01-04,0.0,0.0015033665778182393,0.0016551468286063224
2011-01-11,0.0,0.0015033665778182393,0.0016551468233810842
2011-01-18,0.0,0.0015033665778182393,0.0016551468245450045
2011-01-25,0.0,0.0015033665778182393,0.0016551468242857416
2011-02-01,0.0,0.0015033665778182393,0.0016551468243434925
2011-02-22,0.0,0.0015033665778182393,0.0016551468243306282
2011-03-01,0.0,0.0015033665778182393,0.001655146824333494
2011-03-08,0.0,0.0015033665778182393,0.0016551468243328556
2011-03-15,0.0,0.0015033665778182393,0.0016551468243329978
2011-03-22,0.0,0.0015033665778182393,0.0016551468243329662
2011-03-29,0.0,0.0015033665778182393,0.0016551468243329731
2011-04-19,0.0,0.0015033665778182393,0.0016551468243329716
2011-04-26,0.0,0.0015033665778182393,0.0016551468243329718
2011-05-03,0.0,0.0015033665778182393,0.0016551468243329718
2011-05-10,0.0,0.0015033665778182393,0.0016551468243329718
2011-05-17,0.0,0.0015033665778182393,0.0016551468243329718
2011-05-24,0.0,0.0015033665778182393,0.0016551468243329718
2011-05-31,0.0,0.0015033665778182393,0.0016551468243329718
2011-06-07,0.0,0.0015033665778182393,0.0016551468243329718
2011-06-14,0.0,0.0015033665778182393,0.0016551468243329718
2011-06-21,0.0,0.0015033665778182393,0.0016551468243329718
2011-06-28,0.0,0.0015033665778182393,0.0016551468243329718
2011-07-05,0.0,0.0015033665778182393,0.0016551468243329718
2011-07-12,0.056089466651043196,0.01713857026386621,0.014149061022497309
2011-07-19,0.0,0.0015033665778182393,-0.0011278693338031861
2011-07-26,0.0,0.0015033665778182393,0.0022750629541864087
2011-08-02,0.0,0.0015033665778182393,0.0015170606666479105
2011-08-09,0.0,0.0015033665778182393,0.001685905480263947
2011-08-16,0.0,0.0015033665778182393,0.0016482953416750365
2011-08-23,0.0,0.0015033665778182393,0.001656672990324013
2011-08-30,0.0,0.0015033665778182393,0.0016548068712529604
2011-09-06,0.0,0.0015033665778182393,0.0016552225487936711
2011-09-13,0.0,0.0015033665778182393,0.0016551299567289248
2011-09-20,0.0,0.0015033665778182393,0.0016551505815874132
2011-09-27,0.0,0.0015033665778182393,0.001655145987405516
2011-10-18,0.0,0.0015033665778182393,0.0016551470107583463
2011-10-25,0.0,0.0015033665778182393,0.001655146782806768
2011-11-01,0.0,0.0015033665778182393,0.0016551468335829229
2011-11-08,0.0,0.0015033665778182393,0.0016551468222725475
2011-11-15,0.0,0.0015033665778182393,0.0016551468247919309
2011-11-22,0.0,0.0015033665778182393,0.001655146824230739
2011-11-29,0.0,0.0015033665778182393,0.0016551468243557442
2011-12-06,0.0,0.0015033665778182393,0.0016551468243278993
2011-12-13,0.0,0.0015033665778182393,0.0016551468243341018
2011-12-20,0.0,0.0015033665778182393,0.00165514682433272
2011-12-27,0.0,0.0015033665778182393,0.0016551468243330278
2012-01-17,0.0,0.0015033665778182393,0.0016551468243329592
2012-02-07,0.0,0.0015033665778182393,0.0016551468243329746
2012-02-14,0.0,0.0015033665778182393,0.0016551468243329712
2012-02-21,0.0,0.0015033665778182393,0.001655146824332972
2012-02-28,0.0,0.0015033665778182393,0.0016551468243329718
2012-03-06,0.0,0.0015033665778182393,0.0016551468243329718
2012-03-13,0.0,0.0015033665778182393,0.0016551468243329718
2012-03-20,0.0,0.0015033665778182393,0.0016551468243329718
2012-03-27,0.0,0.0015033665778182393,0.0016551468243329718
2012-04-17,0.0,0.0015033665778182393,0.0016551468243329718
2012-04-24,0.0,0.0015033665778182393,0.0016551468243329718
2012-05-15,0.0,0.0015033665778182393,0.0016551468243329718
2012-05-22,0.0,0.0015033665778182393,0.0016551468243329718
2012-05-29,0.0,0.0015033665778182393,0.0016551468243329718
2012-06-05,0.0,0.0015033665778182393,0.0016551468243329718
2012-06-12,0.0,0.0015033665778182393,0.0016551468243329718
2012-06-19,0.0,0.0015033665778182393,0.0016551468243329718
2012-06-26,0.0,0.0015033665778182393,0.0016551468243329718
2012-07-03,0.0,0.0015033665778182393,0.0016551468243329718
2012-07-10,0.0,0.0015033665778182393,0.0016551468243329718
2012-07-17,0.0,0.0015033665778182393,0.0016551468243329718
2012-07-24,0.0,0.0015033665778182393,0.0016551468243329718
2012-07-31,0.0,0.0015033665778182393,0.0016551468243329718
2012-08-07,0.0,0.0015033665778182393,0.0016551468243329718
2012-08-14,0.0,0.0015033665778182393,0.0016551468243329718
2012-08-21,0.0,0.0015033665778182393,0.0016551468243329718
2012-08-28,0.0,0.0015033665778182393,0.0016551468243329718
2012-09-04,0.0,0.0015033665778182393,0.0016551468243329718
2012-09-11,0.0,0.0015033665778182393,0.0016551468243329718
2012-09-18,0.0,0.0015033665778182393,0.0016551468243329718
2012-09-25,0.0,0.0015033665778182393,0.0016551468243329718
2012-10-16,0.0,0.0015033665778182393,0.0016551468243329718
2012-10-23,0.0,0.0015033665778182393,0.0016551468243329718
2012-10-30,0.0,0.0015033665778182393,0.0016551468243329718
2012-11-06,0.0,0.0015033665778182393,0.0016551468243329718
2012-11-13,0.0,0.0015033665778182393,0.0016551468243329718
2012-11-20,0.0,0.0015033665778182393,0.0016551468243329718
2012-11-27,0.0,0.0015033665778182393,0.0016551468243329718
2014-12-02,0.0,0.0015033665778182393,0.0016551468243329718
2014-12-09,0.011834457647003305,0.004802277529779721,0.004291269206158457
2014-12-16,0.0,0.0015033665778182393,0.001067951245182717
2014-12-23,0.0,0.0015033665778182393,0.0017859444878067115
2014-12-30,0.0,0.0015033665778182393,0.001626011678603593
2015-01-20,0.0,0.0015033665778182393,0.0016616366705131565
2015-01-27,0.0,0.0015033665778182393,0.0016537012127738717
2015-02-03,0.0,0.0015033665778182393,0.0016554688339340906
2015-02-10,0.0,0.0015033665778182393,0.0016550750967775575
2015-02-17,0.0,0.0015033665778182393,0.0016551628016273998
2015-03-10,0.0,0.0015033665778182393,0.0016551432653947678
2015-03-17,0.0,0.0015033665778182393,0.0016551476170855368
2015-03-24,0.0,0.0015033665778182393,0.0016551466477475428
2015-03-31,0.0,0.0015033665778182393,0.0016551468636673305
2015-04-07,0.0,0.0015033665778182393,0.0016551468155712535
2015-04-14,0.03468555798789019,0.011172129653760323,0.009381345902347593
2015-04-21,0.0,0.0015033665778182393,-6.586202317860864e-05
2015-04-28,0.0,0.0015033665778182393,0.0020385011002590644
2015-05-05,0.0,0.0015033665778182393,0.0015697547584622414
2015-05-12,0.0,0.0015033665778182393,0.0016741678849330026
2015-05-19,0.0,0.0015033665778182393,0.0016509098880009975
2015-05-26,0.0,0.0015033665778182393,0.0016560906008057292
2015-06-02,0.0,0.0015033665778182393,0.0016549365983676183
2015-06-09,0.0,0.0015033665778182393,0.0016551936521124137
2015-06-16,0.055262678675049415,0.016908099211426674,0.013964883783682245
2015-06-23,0.0,0.0015033665778182393,-0.0010868439014644136
2015-06-30,0.0,0.0015033665778182393,0.002265924549737457
2015-07-07,0.0,0.0015033665778182393,0.0015190962438767627
2015-07-14,0.0,0.0015033665778182393,0.0016854520559623888
2015-07-21,0.0,0.0015033665778182393,0.0016483963418210046
2015-07-28,0.0,0.0015033665778182393,0.0016566504925676056
2015-08-04,0.0,0.0015033665778182393,0.0016548118826223846
2015-08-11,0.0,0.0015033665778182393,0.0016552214325124273
2015-08-18,0.0,0.0015033665778182393,0.0016551302053802832
2015-08-25,0.0,0.0015033665778182393,0.0016551505262003875
2015-09-01,0.04211148535012654,0.013242141971558015,0.011035468476243992
2015-09-08,0.0,0.0015033665778182393,-0.000434317398946101
2015-09-15,0.0,0.0015033665778182393,0.0021205744399706273
2015-09-22,0.0,0.0015033665778182393,0.0015514729432563202
2015-09-29,0.0,0.0015033665778182393,0.001678240154544524
2015-10-20,0.0,0.0015033665778182393,0.0016500027909976567
2015-10-27,0.0,0.0015033665778182393,0.0016562926564287514
2015-11-03,0.0,0.0015033665778182393,0.0016548915905298188
2015-11-10,0.0,0.0015033665778182393,0.0016552036775966499
2015-11-17,0.09440968447107423,0.02782051193105029,0.022684866972610275
2015-11-24,0.08626034428440654,0.025548844872453368,0.016185251489436767
2015-12-01,0.07940677760440984,0.023638380797543736,0.016106408951835915
2015-12-08,0.142082513613774,0.041109538167893846,0.030084975101977097
2015-12-15,0.1243837196877351,0.03617591578648259,0.023028851333169793
2015-12-22,0.0,0.0015033665778182393,-0.0031058403302018415
2015-12-29,0.08944506035192745,0.026436599514652184,0.0226395195554301
2016-01-05,0.0,0.0015033665778182393,-0.0030191167773472344
2016-01-12,0.10161017641078196,0.029827683060301584,0.025329978364043274
2016-01-19,0.04717856027509093,0.014654613033855252,0.006890596324748458
2016-01-26,0.045052663940943205,0.01406200939213023,0.010524421048758333
2016-02-02,0.04311012365372768,0.013520517114303339,0.009282287183921519
2016-02-23,0.04132819549284683,0.013023796225110166,0.00916204814400711
2016-03-01,0.0,0.0015033665778182393,-1.7013504193719945e-05
2016-03-08,0.11462916955936109,0.03345678887675904,0.027561237994566095
2016-03-15,0.08971529932203026,0.026511929903649322,0.015868631446343266
2016-03-22,0.0,0.0015033665778182393,-0.0015109032012295739
2016-03-29,0.0,0.0015033665778182393,0.002360383649146651
2016-04-05,0.0,0.0015033665778182393,0.0014980555038997426
2016-04-12,0.032470385030784144,0.010554639731817304,0.008922908747812845
2016-04-19,0.0,0.0015033665778182393,3.625473449430858e-05
2016-04-26,0.03144913268250349,0.010269960817332995,0.00902104079474268
2016-05-03,0.0,0.0015033665778182393,1.4395846406471766e-05
2016-05-10,0.0,0.0015033665778182393,0.002020623680554543
2016-05-17,0.0,0.0015033665778182393,0.0015737369490803565
2016-05-24,0.0,0.0015033665778182393,0.001673280853002159
2016-05-31,-0.01246122043781206,-0.0019702574616842247,-0.0011246261573342685
2016-06-07,0.0,0.0015033665778182393,0.002274340537466274
2017-07-18,0.0,0.0015033665778182393,0.0015172215847855859
2017-09-19,0.03571808260207909,0.01145995076559472,0.009642063302770496
2017-09-26,0.0,0.0015033665778182393,-0.000123936756730949
2017-10-17,0.0,0.0015033665778182393,0.0020514372321463283
2017-10-24,0.03448617607116944,0.011116551002983732,0.009248660044079052
2017-10-31,0.006756782462879585,0.003386851595186903,0.0014687652645243503
2017-11-07,0.0,0.0015033665778182393,0.001696663268603273
2017-11-14,0.0,0.0015033665778182393,0.001645899047103192
2017-11-21,0.0,0.0015033665778182393,0.0016572067643204822
2017-11-28,0.0,0.0015033665778182393,0.00165468797323322
2017-12-05,0.0,0.0015033665778182393,0.0016552490332968348
2017-12-12,0.0,0.0015033665778182393,0.001655124057312691
2017-12-19,0.0,0.0015033665778182393,0.0016551518956808542
2017-12-26,0.0,0.0015033665778182393,0.001655145694691542
2018-01-02,0.0,0.0015033665778182393,0.0016551470759603084
2018-01-09,0.0,0.0015033665778182393,0.0016551467682830476
2018-01-16,0.0,0.0015033665778182393,0.001655146836818078
2018-01-23,0.0,0.0015033665778182393,0.0016551468215519176
2018-01-30,0.0,0.0015033665778182393,0.0016551468249524509
2018-02-06,0.0,0.0015033665778182393,0.001655146824194983
2018-02-13,-0.006756782462879585,-0.00038011843955042414,0.00015007527729259834
2018-03-06,0.0,0.0015033665778182393,0.0019904011223959247
2018-03-13,0.0,0.0015033665778182393,0.001580469016098073
2018-03-20,0.0,0.0015033665778182393,0.0016717812868141094
2018-03-27,0.0,0.0015033665778182393,0.0016514415021150783
2018-04-03,0.0,0.0015033665778182393,0.0016559721838992328
2018-04-10,0.0,0.0015033665778182393,0.0016549629757029313
2018-04-17,0.0,0.0015033665778182393,0.001655187776567791
2018-04-24,0.0,0.0015033665778182393,0.0016551377022332515
2018-05-15,0.0,0.0015033665778182393,0.0016551488562783266
2018-05-22,0.0,0.0015033665778182393,0.0016551463717176691
2018-05-29,0.0,0.0015033665778182393,0.0016551469251529136
2018-06-05,0.0,0.0015033665778182393,0.0016551468018753557
2018-06-12,0.0,0.0015033665778182393,0.0016551468293354
2018-06-19,-0.03448617607116944,-0.008109817847347253,-0.006026639982432205
2018-06-26,0.0,0.0015033665778182393,0.0033662628499036996
2018-07-03,0.0,0.0015033665778182393,0.0012739961719370459
2018-07-10,0.0,0.0015033665778182393,0.001740048033631964
2018-07-17,0.0,0.0015033665778182393,0.0016362351019074159
2018-07-24,-0.01769957709940151,-0.0034304741168660227,-0.0022832168181796454
2018-07-31,0.0,0.0015033665778182393,0.0025324163076898337
2018-08-07,0.0,0.0015033665778182393,0.001459735273677324
2018-08-14,-0.058840500022933284,-0.014898700651151597,-0.011408031473918251
2018-08-21,-0.007604599385219402,-0.0006164514100835787,0.002871043866243252
2018-08-28,-0.0076628727455680945,-0.0006326953844502941,-0.00032259685078798615
2018-09-04,0.0,0.0015033665778182393,0.0020956887167466317
2018-09-11,0.0,0.0015033665778182393,0.001557016231671848
2018-09-18,0.0,0.0015033665778182393,0.0016770053884828289
2018-09-25,0.0,0.0015033665778182393,0.0016502778348187292
2018-10-16,-0.023347363996991888,-0.005004821383681693,-0.0035443879048688257
2018-10-23,0.0,0.0015033665778182393,0.002813341841254472
2018-10-30,-0.02390552085355324,-0.005160410243090801,-0.003927789407189512
2018-11-06,-0.00809721023262,-0.0007537690099278234,0.0010950929404937417
2018-11-13,-0.008163310639160315,-0.0007721948103801295,-3.847665257752236e-05
2018-11-20,-0.0082304991365163,-0.0007909239212853192,0.00019905946084821215
2018-11-27,-0.008298802814694639,-0.0008099638941106755,0.00013093372632378363
2018-12-04,-0.025317807984290397,-0.005554091949669286,-0.0036448702862692055
2018-12-11,-0.008583743691390922,-0.0008893925089938338,0.0009236975772604276
2018-12-18,-0.008658062743114314,-0.0009101092955997476,-0.0001105042829897861
2018-12-25,-0.01754430965091025,-0.0033871925824189727,-0.0018595452876849676
2019-01-15,-0.01360565205577835,-0.002289273179251644,-0.0005926118947653302
2019-01-22,-0.00917437627604123,-0.001054034130959636,0.00011224455395928735
2019-01-29,-0.02331107886844741,-0.004994706732759855,-0.003193708886113753
2019-02-19,0.0,0.0015033665778182393,0.0027352281804724817
2019-02-26,0.0,0.0015033665778182393,0.0014145589814390685
2019-03-05,0.0,0.0015033665778182393,0.001708737704148941
2019-03-12,-0.04359043607486157,-0.010647673314115518,-0.00806654889844087
2019-03-19,-0.009950330853168765,-0.0012703351334275317,0.0016042184081365386
2019-03-26,0.0,0.0015033665778182393,0.0016664911158764323
2019-04-02,0.0,0.0015033665778182393,0.0016526198863240093
2019-04-09,-0.020202707317519497,-0.004128233485063697,-0.0028444381337342545
2019-04-16,-0.0051151006667709,7.750811321265101e-05,0.0015180408593215718
2019-04-23,-0.0103093696588612,-0.0013704188959122337,-0.0006107222840818411
2019-04-30,-0.01566611674439855,-0.0028636374408145962,-0.0013297548728027323
2019-05-07,0.0,0.0015033665778182393,0.002320032905813923
2019-05-14,-0.01591545530589933,-0.0029331417422212196,-0.002038119933915824
2019-05-21,-0.010752791776262427,-0.0014940249049976832,8.263945136053837e-05
2019-05-28,-0.010869672236903938,-0.0015266058853164743,-0.00041579424591854956
2019-06-04,-0.0390021578032691,-0.009368669079845765,-0.006571272156735213
2019-06-11,-0.011428695823623158,-0.001682436349849828,0.0009418404853983632
2019-06-18,-0.029156584291454735,-0.0066241689721715695,-0.0046805859873948145
2019-06-25,0.0,0.0015033665778182393,0.0030664296704455618
2019-07-02,-0.017910926566530705,-0.0034893887788302975,-0.002648870327807994
2019-07-09,-0.018237587549780443,-0.0035804470704195145,-0.001448552380104951
2019-07-16,-0.024845998586531692,-0.005422572852138131,-0.0031879447429431222
2019-07-23,-0.012658396871923827,-0.0020252213237691706,-8.571041212840054e-05
2019-07-30,-0.019293202934678177,-0.0038747048436246915,-0.002254633642904917
2019-08-06,-0.013072081567353067,-0.002140537886058439,-0.0003857533773888905
2019-08-13,-0.01993421490081637,-0.004053389956074024,-0.00233058439971463
2019-08-20,-0.020339684237123734,-0.004166416448214762,-0.0019876919820578554
2019-08-27,0.0,0.0015033665778182393,0.00246658822683281
2019-09-03,-0.027779564107074606,-0.006240318093422266,-0.004713492262543122
2019-09-10,-0.02135312447057025,-0.004448917698799885,-0.0016826434216015633
2019-09-17,-0.010850016024065212,-0.0015211266231701286,-1.8199525938614267e-05
2019-09-24,-0.014652276786870644,-0.002581024765254269,-0.001235906575544495
2019-10-15,-0.022814677766170632,-0.004856332581471116,-0.0027828353532760104
2019-10-22,-0.023347363996991888,-0.005004821383681693,-0.0025569130881194966
2019-10-29,-0.015873349156290573,-0.0029214044541905826,-0.0009424023404491148
2019-11-05,0.0,0.0015033665778182393,0.002233750229357456
2019-11-12,-0.008032171697262669,-0.000735639211081979,-0.0002629011039345817
2019-11-19,-0.07534943724178689,-0.01950064485687625,-0.014701676164249479
2019-11-26,-0.026433257068156024,-0.005865028648999271,-0.0005893762622724485
2019-12-03,-0.008968669982760247,-0.00099669253035288,0.00015734484131395645
2019-12-10,0.0,0.0015033665778182393,0.001988781828889249
2019-12-17,-0.018182319083191345,-0.0035650407243775343,-0.002469277162593394
2019-12-24,0.0,0.0015033665778182393,0.0025738612013139566
2019-12-31,0.0,0.0015033665778182393,0.0014505034343354857
2020-01-07,0.0,0.0015033665778182393,0.0017007310865574106
2020-01-14,0.0,0.0015033665778182393,0.0016449929417053828
2020-01-21,0.0,0.0015033665778182393,0.0016574085990636283
2020-02-11,0.009132483563272231,0.004049089495092419,0.003688901367693875
2020-02-18,0.0,0.0015033665778182393,0.0012021285254969027
2020-02-25,0.0,0.0015033665778182393,0.001756056533299708
2020-03-03,0.0,0.0015033665778182393,0.001632669212744403
2020-03-10,0.01801850550267936,0.006526110070910953,0.005673771149690199
2020-03-17,0.0,0.0015033665778182393,0.0007599992946187555
2020-03-24,0.0,0.0015033665778182393,0.001854540705193491
2020-03-31,0.0,0.0015033665778182393,0.0016107318889118664
2020-04-07,0.0,0.0015033665778182393,0.0016650402397173731
2020-04-14,0.0,0.0015033665778182393,0.0016529430686134082
2020-04-21,0.0,0.0015033665778182393,0.0016556377103498642
2020-04-28,0.0,0.0015033665778182393,0.0016550374795995964
2020-05-19,0.0,0.0015033665778182393,0.0016551711808440671
2020-05-26,-0.01801850550267936,-0.003519376915274474,-0.002358476044259605
2020-06-02,0.0,0.0015033665778182393,0.00254918028084567
2020-06-09,0.0,0.0015033665778182393,0.0014560011029901181
2020-06-16,0.0,0.0015033665778182393,0.001699506482285663
2020-06-23,-0.09531017980432388,-0.02506479610173799,-0.019585052193052427
2020-06-30,-0.010050335853501124,-0.0012982119994984387,0.004147685951662499
2020-07-07,0.0,0.0015033665778182393,0.0010999343780073955
2020-07-14,0.0,0.0015033665778182393,0.0017788202532372144
2020-07-21,0.0,0.0015033665778182393,0.0016275986000124317
2020-07-28,0.0,0.0015033665778182393,0.001661283184179535
2020-08-04,-0.010152371464018373,-0.001326654907747019,-0.0006076581675984157
2020-08-11,0.0,0.0015033665778182393,0.002159186051381726
2020-08-18,0.0,0.0015033665778182393,0.0015428722167950683
2020-08-25,0.0,0.0015033665778182393,0.0016801559641405983
2020-09-01,0.0,0.0015033665778182393,0.0016495760449053416
2020-09-08,0.0,0.0015033665778182393,0.0016563877140105066
2020-09-15,0.0,0.0015033665778182393,0.0016548704164780538
2020-09-22,0.0,0.0015033665778182393,0.0016552083941112072
2020-09-29,0.0,0.0015033665778182393,0.001655133109680785
2020-10-20,0.0,0.0015033665778182393,0.0016551498792682013
2020-10-27,-0.020619287202736203,-0.004244357095177443,-0.0029377947507604565
2020-11-03,0.0,0.0015033665778182393,0.0026782233729728184
2020-11-10,0.0,0.0015033665778182393,0.00142725678757466
2020-11-17,0.0,0.0015033665778182393,0.0017059092711144462
2020-11-24,0.0,0.0015033665778182393,0.0016438395024337925
2020-12-01,0.0,0.0015033665778182393,0.0016576655273632269
2020-12-08,0.0,0.0015033665778182393,0.0016545857838840326
2020-12-15,0.0,0.0015033665778182393,0.001655271795947952
2020-12-22,0.0,0.0015033665778182393,0.0016551189869380384
2020-12-29,0.010362787035546717,0.004392042397539137,0.003963461158635636
2021-01-05,0.02040887163120786,0.007192435916658283,0.005687041283473544
2021-01-12,0.024938948347251966,0.008455216192488478,0.006312187673723962
2021-01-19,0.024332100659529843,0.008286054533972936,0.006037761311309099
2021-01-26,0.10054122922187858,0.029529708983776434,0.023074453400853387
2021-02-02,0.0,0.0015033665778182393,-0.0031159981789908547
2021-02-09,0.0,0.0015033665778182393,0.002717918140548005
2021-03-02,0.04839654086184986,0.014994130873775269,0.012198731755494848
2021-03-09,0.053652713492320814,0.016459313814410622,0.01125769406821442
2021-03-16,0.0,0.0015033665778182393,-0.00048381809211525554
2021-03-23,0.02941388520629218,0.00970262597280587,0.008683536033195697
2021-03-30,0.06317890162153184,0.019114783738531507,0.014162658950119991
2021-04-06,0.05942342047080196,0.01806792563420893,0.012105653281068138
2021-04-13,0.0,0.0015033665778182393,-0.0006727007875926296
2021-04-20,0.02531780798428862,0.008560825105305269,0.007813209462368024
2021-04-27,0.0,0.0015033665778182393,0.0002834399634851427
2021-05-18,0.017291497110061727,0.006323453048501352,0.005812370684671589
2021-05-25,0.022599831917240465,0.0078031764422062215,0.005763233001847381
2021-06-01,0.02210034700066643,0.007663942663120207,0.005662918271938171
2021-06-08,0.0,0.0015033665778182393,0.0007624167703327001
2021-06-15,0.0,0.0015033665778182393,0.0018540022131030942
2021-06-22,0.010869672236903938,0.004533339040952953,0.004032068518995417
2021-06-29,0.01608613775162482,0.005987453435574124,0.0047088711573775805
2021-07-06,0.0,0.0015033665778182393,0.0009749305184930169
2021-07-13,0.0314161962333781,0.010260779626611849,0.008804614420962685
2021-07-20,0.005141399500418586,0.0029365559664874356,0.0012078501749599223
2021-07-27,0.0,0.0015033665778182393,0.001754782037360788
2021-08-03,0.04512043528047016,0.014080900973042786,0.011683518402098263
2021-08-10,0.06177735969624365,0.01872409730871128,0.013182220551322482
2021-08-17,0.027274417919658234,0.009106239363992645,0.005162863672778083
2021-08-24,0.04814934389758285,0.014925223552710282,0.011599057710281921
2021-08-31,0.025317807984290397,0.008560825105305763,0.00507967842904762
2021-09-07,0.08004270767353638,0.023815649307204118,0.018721825738918497
2021-09-14,0.09180754925312229,0.02709515445164269,0.018303656372755224
2021-10-19,0.0,0.0015033665778182393,-0.0020533043741673917
2021-10-26,0.01634913800153015,0.006060765997134645,0.006122969634028882
2021-11-02,0.008075414005544346,0.0037544263643441655,0.0024587368306955145
2021-11-09,0.0,0.0015033665778182393,0.0014761473581326775
2021-11-16,0.0,0.0015033665778182393,0.0016950189091601876
2021-11-23,0.008010723746080473,0.0037363936490481977,0.003430651971521631
2021-11-30,0.005305052229692464,0.0029821749375483265,0.0024413525246213276
2021-12-07,0.01052641298698731,0.004437653904152554,0.003824775479735571
2021-12-14,0.0,0.0015033665778182393,0.0011718626021612038
2021-12-21,0.025841231183887814,0.008706731793822232,0.007518925826507643
2021-12-28,0.09252336889714563,0.02729469255754784,0.02095854807312589
2022-01-04,0.034289073478632304,0.011061607724586397,0.0049932014399395735
2022-01-11,0.13043672142494245,0.03786321860328481,0.029966342002855587
2022-01-18,0.08322380556173137,0.024702395364830616,0.013886916593038342
2022-01-25,0.0801823042396883,0.02385456250920044,0.01679111081346602
2022-02-15,0.12921173148000697,0.03752174687167456,0.027065494545908522
2022-02-22,0.1347932224449444,0.039077613834210746,0.02602015389499499
2022-03-01,0.07058890693852504,0.021180357711033035,0.011951508571657223
2022-03-08,0.09413440071531376,0.027743775284229364,0.020330048333472878
2022-03-15,0.031581572050299656,0.010306878916491029,0.004530104351179521
2022-03-22,0.018481018808179428,0.006655037838828432,0.005131392940797713
2022-03-29,0.0,0.0015033665778182393,0.0008808139004522508
2022-04-19,-0.008171649149318228,-0.0007745192094614803,7.396547221250743e-06
2022-04-26,-0.03868752199162273,-0.009280962861624406,-0.006595452750802904
2022-05-17,-0.003203419717538125,0.0006103982048576221,0.002779404832986309
2022-05-24,0.0,0.0015033665778182393,0.0014047186435106704
2022-05-31,0.0,0.0015033665778182393,0.0017109296368788998
2022-06-07,0.0,0.0015033665778182393,0.0016427212172574561
2022-06-14,0.0,0.0015033665778182393,0.0016579146250971944
2022-06-21,0.0,0.0015033665778182393,0.0016545302974281797
2022-06-28,0.0,0.0015033665778182393,0.0016552841555416504
2022-07-05,0.0,0.0015033665778182393,0.0016551162338417369
2022-07-12,0.0,0.0015033665778182393,0.0016551536383569872
2022-07-19,0.0,0.0015033665778182393,0.0016551453065108837
2022-07-26,0.0,0.0015033665778182393,0.0016551471624274496
2022-08-02,0.0,0.0015033665778182393,0.0016551467490225143
2022-08-09,0.0,0.0015033665778182393,0.0016551468411083567
2022-08-16,0.0,0.0015033665778182393,0.001655146820596259
2022-08-23,0.0,0.0015033665778182393,0.0016551468251653236
2022-08-30,0.013807972966334958,0.005352404244074525,0.004730869233227615
2022-09-06,0.017773599083964697,0.006457841250234743,0.004929095054505897
2022-09-13,0.006198366952338219,0.00323119063475949,0.002306560338773281
2022-09-20,0.002057613894679733,0.002076936167108704,0.0019683775955478496
2022-09-27,0.020346581859168822,0.0071750723485672005,0.006117570600829044
2022-10-18,0.027054790231632708,0.009045017108863376,0.0066875906123987205
2022-10-25,0.020755462051450735,0.007289049632917065,0.00515744507831805
2022-11-01,0.02944094880575321,0.009710170078951207,0.007432974529954979
2022-11-08,0.011717123687754238,0.004769570134582631,0.0029781234691266187
2022-11-15,0.0035778213478838694,0.002500701173179641,0.002157412899099982
2022-11-22,0.0,0.0015033665778182393,0.0015432671860074912
2022-11-29,0.0,0.0015033665778182393,0.0016800679848506252
2022-12-06,-0.0017873105740946471,0.0010051453155257158,0.0012514726738850554
2022-12-13,-0.00448230243950043,0.0002539036071669488,0.0007466334272158296
2022-12-20,-0.008119124438504599,-0.0007598776982980545,4.8985078707677616e-05
2022-12-27,-0.01276225161385014,-0.0020541713234880506,-0.0008298693101183503
2023-01-03,-0.02790878811707742,-0.0062763398964123356,-0.004007991813101675
2023-01-10,-0.06127341714427459,-0.015576887787073264,-0.010732028338573634
2023-01-17,-0.0192410999270205,-0.003860180884207289,0.00012843685477186765
2023-02-07,-0.027283958948467912,-0.006102165815190046,-0.004082273727823988
2023-02-14,-0.01608613775162482,-0.002980720279937645,-0.0006500272568474596
2023-02-21,-0.03297001923756859,-0.0076871819706179475,-0.005175439507811859
2023-02-28,-0.037568447611162625,-0.00896901559374989,-0.005191703830253946
2023-03-07,-0.036625475808245156,-0.008706157750929944,-0.004978034231279448
2023-03-14,-0.03427508090868692,-0.008050974074004076,-0.004502079222888516
2023-03-21,-0.04978692478024094,-0.01237497380084782,-0.008063357290770179
2023-03-28,-0.06628524647251233,-0.01697395887841067,-0.010945080414055182
2023-04-04,-0.14256306465487079,-0.03823676088414746,-0.027294041616582894
2023-04-11,-0.09821762814544677,-0.025875261055932255,-0.013774380214912514
2023-04-18,-0.20027536041054894,-0.054324335846186914,-0.039519214779019776
2023-04-25,-0.18842711435643977,-0.051021581310635174,-0.03114536578860626
2023-05-16,0.2579474735089029,0.07340744285838936,0.06641918557861856
