"Date","Price","Open","High","Low","Vol.","Change %"
"07/18/2023","280.50","280.50","283.00","278.00","","-0.71%"
"07/17/2023","282.50","282.50","285.00","280.00","","0.00%"
"07/14/2023","282.50","282.50","285.00","280.00","","0.00%"
"07/13/2023","282.50","282.50","285.00","280.00","","0.00%"
"07/12/2023","282.50","282.50","285.00","280.00","","0.00%"
"07/11/2023","282.50","282.50","285.00","280.00","","0.00%"
"07/10/2023","282.50","282.50","285.00","280.00","","0.00%"
"07/07/2023","282.50","282.50","285.00","280.00","","0.00%"
"07/06/2023","282.50","282.50","285.00","280.00","","0.00%"
"07/05/2023","282.50","282.50","285.00","280.00","","0.00%"
"07/04/2023","282.50","282.50","285.00","280.00","","0.00%"
"07/03/2023","282.50","282.50","285.00","280.00","","0.00%"
"06/30/2023","282.50","282.50","285.00","280.00","","0.00%"
"06/29/2023","282.50","282.50","285.00","280.00","","0.00%"
"06/28/2023","282.50","282.50","285.00","280.00","","0.00%"
"06/27/2023","282.50","282.50","285.00","280.00","","0.00%"
"06/26/2023","282.50","282.50","285.00","280.00","","0.00%"
"06/21/2023","282.50","282.50","285.00","280.00","","0.00%"
"06/20/2023","282.50","282.50","285.00","280.00","","0.00%"
"06/19/2023","282.50","282.50","285.00","280.00","","0.00%"
"06/16/2023","282.50","282.50","285.00","280.00","","0.00%"
"06/15/2023","282.50","282.50","285.00","280.00","","1.80%"
"06/14/2023","277.50","277.50","280.00","275.00","","0.00%"
"06/13/2023","277.50","277.50","280.00","275.00","","0.00%"
"06/12/2023","277.50","277.50","280.00","275.00","","0.00%"
"06/09/2023","277.50","277.50","280.00","275.00","","0.00%"
"06/08/2023","277.50","277.50","280.00","275.00","","0.00%"
"06/07/2023","277.50","277.50","280.00","275.00","","0.00%"
"06/06/2023","277.50","277.50","280.00","275.00","","0.00%"
"06/05/2023","277.50","277.50","280.00","275.00","","0.00%"
"06/02/2023","277.50","277.50","280.00","275.00","","0.00%"
"06/01/2023","277.50","277.50","280.00","275.00","","0.00%"
"05/31/2023","277.50","277.50","280.00","275.00","","0.00%"
"05/30/2023","277.50","277.50","280.00","275.00","","0.00%"
"05/29/2023","277.50","277.50","280.00","275.00","","0.00%"
"05/26/2023","277.50","277.50","280.00","275.00","","0.00%"
"05/25/2023","277.50","277.50","280.00","275.00","","0.00%"
"05/24/2023","277.50","277.50","280.00","275.00","","0.00%"
"05/23/2023","277.50","277.50","280.00","275.00","","2.59%"
"05/22/2023","270.50","270.50","273.00","268.00","","2.27%"
"05/19/2023","264.50","264.50","267.00","262.00","","2.72%"
"05/18/2023","257.50","257.50","260.00","255.00","","1.98%"
"05/17/2023","252.50","252.50","255.00","250.00","","2.02%"
"05/16/2023","247.50","247.50","250.00","245.00","","2.06%"
"05/15/2023","242.50","242.50","245.00","240.00","","2.11%"
"05/12/2023","237.50","237.50","240.00","235.00","","0.00%"
"05/11/2023","237.50","237.50","240.00","235.00","","0.00%"
"05/10/2023","237.50","237.50","240.00","235.00","","2.15%"
"05/09/2023","232.50","232.50","235.00","230.00","","0.00%"
"05/08/2023","232.50","232.50","235.00","230.00","","0.00%"
"05/05/2023","232.50","232.50","235.00","230.00","","0.00%"
"05/04/2023","232.50","232.50","235.00","230.00","","0.00%"
"04/28/2023","232.50","232.50","235.00","230.00","","0.00%"
"04/27/2023","232.50","232.50","235.00","230.00","","0.00%"
"04/26/2023","232.50","232.50","235.00","230.00","","-2.11%"
"04/25/2023","237.50","237.50","240.00","235.00","","0.00%"
"04/24/2023","237.50","237.50","240.00","235.00","","0.00%"
"04/21/2023","237.50","237.50","240.00","235.00","","0.00%"
"04/20/2023","237.50","237.50","240.00","235.00","","-2.06%"
"04/19/2023","242.50","242.50","245.00","240.00","","0.00%"
"04/18/2023","242.50","242.50","245.00","240.00","","-2.02%"
"04/17/2023","247.50","247.50","250.00","245.00","","0.00%"
"04/14/2023","247.50","247.50","250.00","245.00","","0.00%"
"04/13/2023","247.50","247.50","250.00","245.00","","-1.98%"
"04/12/2023","252.50","252.50","255.00","250.00","","-1.94%"
"04/11/2023","257.50","257.50","260.00","255.00","","-1.90%"
"04/10/2023","262.50","262.50","265.00","260.00","","-1.87%"
"04/07/2023","267.50","267.50","270.00","265.00","","-1.83%"
"04/06/2023","272.50","272.50","275.00","270.00","","0.00%"
"04/04/2023","272.50","272.50","275.00","270.00","","0.00%"
"04/03/2023","272.50","272.50","275.00","270.00","","0.00%"
"03/31/2023","272.50","272.50","275.00","270.00","","-1.80%"
"03/30/2023","277.50","277.50","280.00","275.00","","-1.77%"
"03/29/2023","282.50","282.50","285.00","280.00","","0.00%"
"03/28/2023","282.50","282.50","285.00","280.00","","-1.74%"
"03/27/2023","287.50","287.50","290.00","285.00","","0.00%"
"03/24/2023","287.50","287.50","290.00","285.00","","-1.71%"
"03/23/2023","292.50","292.50","295.00","290.00","","-1.68%"
"03/22/2023","297.50","297.50","300.00","295.00","","-1.65%"
"03/21/2023","302.50","302.50","305.00","300.00","","0.00%"
"03/20/2023","302.50","302.50","305.00","300.00","","0.00%"
"03/17/2023","302.50","302.50","305.00","300.00","","-2.26%"
"03/16/2023","309.50","309.50","312.00","307.00","","-2.52%"
"03/15/2023","317.50","317.50","320.00","315.00","","0.00%"
"03/14/2023","317.50","317.50","320.00","315.00","","0.00%"
"03/13/2023","317.50","317.50","320.00","315.00","","0.00%"
"03/10/2023","317.50","317.50","320.00","315.00","","0.00%"
"03/09/2023","317.50","317.50","320.00","315.00","","0.00%"
"03/08/2023","317.50","317.50","320.00","315.00","","-0.63%"
"03/07/2023","319.50","319.50","322.00","317.00","","-0.93%"
"03/06/2023","322.50","322.50","325.00","320.00","","0.00%"
"03/03/2023","322.50","322.50","325.00","320.00","","0.00%"
"03/02/2023","322.50","322.50","325.00","320.00","","-1.53%"
"03/01/2023","327.50","327.50","330.00","325.00","","-0.91%"
"02/28/2023","330.50","330.50","333.00","328.00","","0.00%"
"02/27/2023","330.50","330.50","333.00","328.00","","0.00%"
"02/24/2023","330.50","330.50","333.00","328.00","","0.00%"
"02/23/2023","330.50","330.50","333.00","328.00","","0.00%"
"02/22/2023","330.50","330.50","333.00","328.00","","-2.94%"
"02/21/2023","340.50","340.50","343.00","338.00","","0.00%"
"02/20/2023","340.50","340.50","343.00","338.00","","-0.58%"
"02/17/2023","342.50","342.50","345.00","340.00","","0.00%"
"02/16/2023","342.50","342.50","345.00","340.00","","-2.84%"
"02/14/2023","352.50","352.50","355.00","350.00","","0.00%"
"02/13/2023","352.50","352.50","355.00","350.00","","0.00%"
"02/10/2023","352.50","352.50","355.00","350.00","","-2.76%"
"02/09/2023","362.50","362.50","365.00","360.00","","-0.82%"
"02/08/2023","365.50","365.50","368.00","363.00","","-0.54%"
"02/07/2023","367.50","367.50","370.00","365.00","","0.00%"
"02/06/2023","367.50","367.50","370.00","365.00","","-4.92%"
"02/03/2023","386.50","386.50","389.00","384.00","","-2.77%"
"02/02/2023","397.50","397.50","400.00","395.00","","0.00%"
"02/01/2023","397.50","397.50","400.00","395.00","","-0.50%"
"01/31/2023","399.50","399.50","402.00","397.00","","-1.96%"
"01/30/2023","407.50","407.50","410.00","405.00","","-0.49%"
"01/18/2023","409.50","409.50","412.00","407.00","","0.00%"
"01/17/2023","409.50","409.50","412.00","407.00","","0.00%"
"01/16/2023","409.50","409.50","412.00","407.00","","0.00%"
"01/13/2023","409.50","409.50","412.00","407.00","","0.00%"
"01/12/2023","409.50","409.50","412.00","407.00","","0.00%"
"01/11/2023","409.50","409.50","412.00","407.00","","0.00%"
"01/10/2023","409.50","409.50","412.00","407.00","","-0.73%"
"01/09/2023","412.50","412.50","415.00","410.00","","-0.24%"
"01/06/2023","413.50","413.50","416.00","411.00","","-2.82%"
"01/05/2023","425.50","425.50","428.00","423.00","","0.00%"
"01/04/2023","425.50","425.50","428.00","423.00","","-0.47%"
"01/03/2023","427.50","427.50","430.00","425.00","","0.00%"
"12/30/2022","427.50","427.50","430.00","425.00","","0.00%"
"12/29/2022","427.50","427.50","430.00","425.00","","-0.23%"
"12/28/2022","428.50","428.50","431.00","426.00","","-0.46%"
"12/27/2022","430.50","430.50","433.00","428.00","","0.00%"
"12/26/2022","430.50","430.50","433.00","428.00","","-0.46%"
"12/23/2022","432.50","432.50","435.00","430.00","","0.00%"
"12/22/2022","432.50","432.50","435.00","430.00","","0.00%"
"12/21/2022","432.50","432.50","435.00","430.00","","-1.59%"
"12/20/2022","439.50","439.50","442.00","437.00","","-0.68%"
"12/19/2022","442.50","442.50","445.00","440.00","","0.00%"
"12/16/2022","442.50","442.50","445.00","440.00","","0.00%"
"12/15/2022","442.50","442.50","445.00","440.00","","0.00%"
"12/14/2022","442.50","442.50","445.00","440.00","","0.00%"
"12/13/2022","442.50","442.50","445.00","440.00","","-2.21%"
"12/12/2022","452.50","452.50","455.00","450.00","","0.00%"
"12/09/2022","452.50","452.50","455.00","450.00","","0.00%"
"12/08/2022","452.50","452.50","455.00","450.00","","0.00%"
"12/07/2022","452.50","452.50","455.00","450.00","","-0.66%"
"12/06/2022","455.50","455.50","458.00","453.00","","-0.44%"
"12/05/2022","457.50","457.50","460.00","455.00","","0.00%"
"12/02/2022","457.50","457.50","460.00","455.00","","0.00%"
"12/01/2022","457.50","457.50","460.00","455.00","","-0.22%"
"11/30/2022","458.50","458.50","461.00","456.00","","-0.22%"
"11/29/2022","459.50","459.50","462.00","457.00","","0.00%"
"11/28/2022","459.50","459.50","462.00","457.00","","0.00%"
"11/25/2022","459.50","459.50","462.00","457.00","","0.00%"
"11/24/2022","459.50","459.50","462.00","457.00","","0.00%"
"11/23/2022","459.50","459.50","462.00","457.00","","0.00%"
"11/22/2022","459.50","459.50","462.00","457.00","","0.00%"
"11/21/2022","459.50","459.50","462.00","457.00","","0.00%"
"11/18/2022","459.50","459.50","462.00","457.00","","0.00%"
"11/17/2022","459.50","459.50","462.00","457.00","","0.00%"
"11/16/2022","459.50","459.50","462.00","457.00","","-0.22%"
"11/15/2022","460.50","460.50","463.00","458.00","","0.00%"
"11/14/2022","460.50","460.50","463.00","458.00","","0.00%"
"11/11/2022","460.50","460.50","463.00","458.00","","0.00%"
"11/10/2022","460.50","460.50","463.00","458.00","","0.00%"
"11/09/2022","460.50","460.50","463.00","458.00","","0.00%"
"11/08/2022","460.50","460.50","463.00","458.00","","0.22%"
"11/07/2022","459.50","459.50","462.00","457.00","","0.00%"
"11/04/2022","459.50","459.50","462.00","457.00","","0.00%"
"11/03/2022","459.50","459.50","462.00","457.00","","0.00%"
"11/02/2022","459.50","459.50","462.00","457.00","","0.00%"
"11/01/2022","459.50","459.50","462.00","457.00","","0.44%"
"10/31/2022","457.50","457.50","460.00","455.00","","0.00%"
"10/28/2022","457.50","457.50","460.00","455.00","","0.00%"
"10/27/2022","457.50","457.50","460.00","455.00","","0.00%"
"10/26/2022","457.50","457.50","460.00","455.00","","0.00%"
"10/25/2022","457.50","457.50","460.00","455.00","","0.00%"
"10/24/2022","457.50","457.50","460.00","455.00","","0.00%"
"10/21/2022","457.50","457.50","460.00","455.00","","1.78%"
"10/20/2022","449.50","449.50","452.00","447.00","","0.00%"
"10/19/2022","449.50","449.50","452.00","447.00","","0.00%"
"10/18/2022","449.50","449.50","452.00","447.00","","0.45%"
"10/17/2022","447.50","447.50","450.00","445.00","","0.00%"
"10/14/2022","447.50","447.50","450.00","445.00","","0.67%"
"10/13/2022","444.50","444.50","447.00","442.00","","0.00%"
"10/12/2022","444.50","444.50","447.00","442.00","","0.00%"
"10/11/2022","444.50","444.50","447.00","442.00","","0.00%"
"10/10/2022","444.50","444.50","447.00","442.00","","0.45%"
"09/29/2022","442.50","442.50","445.00","440.00","","0.00%"
"09/28/2022","442.50","442.50","445.00","440.00","","0.00%"
"09/27/2022","442.50","442.50","445.00","440.00","","0.68%"
"09/26/2022","439.50","439.50","442.00","437.00","","1.15%"
"09/23/2022","434.50","434.50","437.00","432.00","","0.00%"
"09/22/2022","434.50","434.50","437.00","432.00","","0.00%"
"09/21/2022","434.50","434.50","437.00","432.00","","0.00%"
"09/20/2022","434.50","434.50","437.00","432.00","","0.00%"
"09/19/2022","434.50","434.50","437.00","432.00","","0.00%"
"09/16/2022","434.50","434.50","437.00","432.00","","1.16%"
"09/15/2022","429.50","429.50","432.00","427.00","","0.00%"
"09/14/2022","429.50","429.50","432.00","427.00","","0.00%"
"09/13/2022","429.50","429.50","432.00","427.00","","0.00%"
"09/09/2022","429.50","429.50","432.00","427.00","","0.47%"
"09/08/2022","427.50","427.50","430.00","425.00","","0.00%"
"09/07/2022","427.50","427.50","430.00","425.00","","2.89%"
"09/06/2022","415.50","415.50","418.00","413.00","","0.00%"
"09/05/2022","415.50","415.50","418.00","413.00","","0.73%"
"09/02/2022","412.50","412.50","415.00","410.00","","0.00%"
"09/01/2022","412.50","412.50","415.00","410.00","","0.00%"
"08/31/2022","412.50","412.50","415.00","410.00","","1.23%"
"08/30/2022","407.50","407.50","410.00","405.00","","0.00%"
"08/29/2022","407.50","407.50","410.00","405.00","","0.00%"
"08/26/2022","407.50","407.50","410.00","405.00","","0.00%"
"08/25/2022","407.50","407.50","410.00","405.00","","0.00%"
"08/24/2022","407.50","407.50","410.00","405.00","","0.00%"
"08/23/2022","407.50","407.50","410.00","405.00","","0.49%"
"08/22/2022","405.50","405.50","408.00","403.00","","0.75%"
"08/19/2022","402.50","402.50","405.00","400.00","","0.00%"
"08/18/2022","402.50","402.50","405.00","400.00","","0.00%"
"08/17/2022","402.50","402.50","405.00","400.00","","0.50%"
"08/16/2022","400.50","400.50","403.00","398.00","","0.75%"
"08/15/2022","397.50","397.50","400.00","395.00","","0.00%"
"08/12/2022","397.50","397.50","400.00","395.00","","-0.50%"
"08/11/2022","399.50","399.50","402.00","397.00","","0.00%"
"08/10/2022","399.50","399.50","402.00","397.00","","0.50%"
"08/09/2022","397.50","397.50","400.00","395.00","","0.00%"
"08/08/2022","397.50","397.50","400.00","395.00","","-1.97%"
"08/05/2022","405.50","405.50","408.00","403.00","","-2.87%"
"08/04/2022","417.50","417.50","420.00","415.00","","0.00%"
"08/03/2022","417.50","417.50","420.00","415.00","","0.00%"
"08/02/2022","417.50","417.50","420.00","415.00","","0.00%"
"08/01/2022","417.50","417.50","420.00","415.00","","0.00%"
"07/29/2022","417.50","417.50","420.00","415.00","","0.00%"
"07/28/2022","417.50","417.50","420.00","415.00","","0.00%"
"07/27/2022","417.50","417.50","420.00","415.00","","-1.18%"
"07/26/2022","422.50","422.50","425.00","420.00","","-1.17%"
"07/25/2022","427.50","427.50","430.00","425.00","","0.00%"
"07/22/2022","427.50","427.50","430.00","425.00","","0.00%"
"07/21/2022","427.50","427.50","430.00","425.00","","0.00%"
"07/20/2022","427.50","427.50","430.00","425.00","","-1.61%"
"07/19/2022","434.50","434.50","437.00","432.00","","-2.91%"
"07/18/2022","447.50","447.50","450.00","445.00","","0.00%"
"07/15/2022","447.50","447.50","450.00","445.00","","0.00%"
"07/14/2022","447.50","447.50","450.00","445.00","","0.00%"
"07/13/2022","447.50","447.50","450.00","445.00","","0.00%"
"07/12/2022","447.50","447.50","450.00","445.00","","0.00%"
"07/11/2022","447.50","447.50","450.00","445.00","","0.00%"
"07/08/2022","447.50","447.50","450.00","445.00","","-1.10%"
"07/07/2022","452.50","452.50","455.00","450.00","","0.00%"
"07/06/2022","452.50","452.50","455.00","450.00","","0.00%"
"07/05/2022","452.50","452.50","455.00","450.00","","0.00%"
"07/04/2022","452.50","452.50","455.00","450.00","","-1.52%"
"07/01/2022","459.50","459.50","462.00","457.00","","-0.65%"
"06/30/2022","462.50","462.50","465.00","460.00","","0.00%"
"06/29/2022","462.50","462.50","465.00","460.00","","0.00%"
"06/28/2022","462.50","462.50","465.00","460.00","","0.00%"
"06/27/2022","462.50","462.50","465.00","460.00","","0.00%"
"06/24/2022","462.50","462.50","465.00","460.00","","0.00%"
"06/23/2022","462.50","462.50","465.00","460.00","","-0.22%"
"06/22/2022","463.50","463.50","466.00","461.00","","-2.93%"
"06/21/2022","477.50","477.50","480.00","475.00","","0.00%"
"06/20/2022","477.50","477.50","480.00","475.00","","0.00%"
"06/17/2022","477.50","477.50","480.00","475.00","","0.00%"
"06/16/2022","477.50","477.50","480.00","475.00","","0.00%"
"06/15/2022","477.50","477.50","480.00","475.00","","0.00%"
"06/14/2022","477.50","477.50","480.00","475.00","","-1.04%"
"06/13/2022","482.50","482.50","485.00","480.00","","0.00%"
"06/10/2022","482.50","482.50","485.00","480.00","","0.00%"
"06/09/2022","482.50","482.50","485.00","480.00","","-2.03%"
"06/08/2022","492.50","492.50","495.00","490.00","","-2.96%"
"06/07/2022","507.50","507.50","510.00","505.00","","0.00%"
"06/06/2022","507.50","507.50","510.00","505.00","","0.00%"
"06/02/2022","507.50","507.50","510.00","505.00","","0.00%"
"06/01/2022","507.50","507.50","510.00","505.00","","0.00%"
"05/31/2022","507.50","507.50","510.00","505.00","","-1.93%"
"05/30/2022","517.50","517.50","520.00","515.00","","0.00%"
"05/27/2022","517.50","517.50","520.00","515.00","","0.00%"
"05/26/2022","517.50","517.50","520.00","515.00","","0.00%"
"05/25/2022","517.50","517.50","520.00","515.00","","-2.82%"
"05/24/2022","532.50","532.50","535.00","530.00","","0.00%"
"05/23/2022","532.50","532.50","535.00","530.00","","0.00%"
"05/20/2022","532.50","532.50","535.00","530.00","","-1.84%"
"05/19/2022","542.50","542.50","545.00","540.00","","0.00%"
"05/18/2022","542.50","542.50","545.00","540.00","","0.00%"
"05/17/2022","542.50","542.50","545.00","540.00","","0.00%"
"05/16/2022","542.50","542.50","545.00","540.00","","0.00%"
"05/13/2022","542.50","542.50","545.00","540.00","","0.00%"
"05/12/2022","542.50","542.50","545.00","540.00","","-0.91%"
"05/11/2022","547.50","547.50","550.00","545.00","","0.00%"
"05/10/2022","547.50","547.50","550.00","545.00","","0.00%"
"05/09/2022","547.50","547.50","550.00","545.00","","-1.79%"
"05/06/2022","557.50","557.50","560.00","555.00","","0.00%"
"05/05/2022","557.50","557.50","560.00","555.00","","0.00%"
"04/29/2022","557.50","557.50","560.00","555.00","","0.00%"
"04/28/2022","557.50","557.50","560.00","555.00","","-0.71%"
"04/27/2022","561.50","561.50","564.00","559.00","","0.00%"
"04/26/2022","561.50","561.50","564.00","559.00","","-0.18%"
"04/25/2022","562.50","562.50","565.00","560.00","","0.00%"
"04/22/2022","562.50","562.50","565.00","560.00","","-0.53%"
"04/21/2022","565.50","565.50","568.00","563.00","","0.00%"
"04/20/2022","565.50","565.50","568.00","563.00","","0.00%"
"04/19/2022","565.50","565.50","568.00","563.00","","0.00%"
"04/18/2022","565.50","565.50","568.00","563.00","","0.00%"
"04/15/2022","565.50","565.50","568.00","563.00","","0.00%"
"04/14/2022","565.50","565.50","568.00","563.00","","0.00%"
"04/13/2022","565.50","565.50","568.00","563.00","","-0.35%"
"04/12/2022","567.50","567.50","570.00","565.00","","-0.87%"
"04/11/2022","572.50","572.50","575.00","570.00","","-0.87%"
"04/08/2022","577.50","577.50","580.00","575.00","","0.00%"
"04/07/2022","577.50","577.50","580.00","575.00","","0.00%"
"04/06/2022","577.50","577.50","580.00","575.00","","0.00%"
"04/01/2022","577.50","577.50","580.00","575.00","","0.00%"
"03/31/2022","577.50","577.50","580.00","575.00","","0.00%"
"03/30/2022","577.50","0.00","580.00","575.00","","0.00%"
"03/29/2022","577.50","577.50","580.00","575.00","","0.00%"
"03/28/2022","577.50","0.00","580.00","575.00","","0.00%"
"03/25/2022","577.50","577.50","580.00","575.00","","0.00%"
"03/24/2022","577.50","577.50","580.00","575.00","","0.00%"
"03/23/2022","577.50","577.50","580.00","575.00","","0.00%"
"03/22/2022","577.50","577.50","580.00","575.00","","0.00%"
"03/21/2022","577.50","577.50","580.00","575.00","","0.00%"
"03/18/2022","577.50","577.50","580.00","575.00","","0.00%"
"03/17/2022","577.50","577.50","580.00","575.00","","0.00%"
"03/16/2022","577.50","577.50","580.00","575.00","","0.87%"
"03/15/2022","572.50","572.50","575.00","570.00","","0.00%"
"03/14/2022","572.50","572.50","575.00","570.00","","0.00%"
"03/11/2022","572.50","572.50","575.00","570.00","","0.00%"
"03/10/2022","572.50","572.50","575.00","570.00","","0.00%"
"03/09/2022","572.50","572.50","575.00","570.00","","0.00%"
"03/08/2022","572.50","572.50","575.00","570.00","","0.00%"
"03/07/2022","572.50","572.50","575.00","570.00","","0.00%"
"03/04/2022","572.50","572.50","575.00","570.00","","0.00%"
"03/03/2022","572.50","572.50","575.00","570.00","","0.88%"
"03/02/2022","567.50","567.50","570.00","565.00","","1.07%"
"03/01/2022","561.50","561.50","564.00","559.00","","0.90%"
"02/28/2022","556.50","556.50","559.00","554.00","","0.00%"
"02/25/2022","556.50","556.50","559.00","554.00","","0.00%"
"02/24/2022","556.50","556.50","559.00","554.00","","0.00%"
"02/23/2022","556.50","556.50","559.00","554.00","","2.96%"
"02/22/2022","540.50","540.50","543.00","538.00","","0.56%"
"02/21/2022","537.50","537.50","540.00","535.00","","0.00%"
"02/18/2022","537.50","537.50","540.00","535.00","","0.00%"
"02/17/2022","537.50","537.50","540.00","535.00","","0.94%"
"02/16/2022","532.50","532.50","535.00","530.00","","0.95%"
"02/15/2022","527.50","527.50","530.00","525.00","","0.00%"
"02/14/2022","527.50","527.50","530.00","525.00","","0.00%"
"02/11/2022","527.50","527.50","530.00","525.00","","0.00%"
"02/10/2022","527.50","527.50","530.00","525.00","","0.00%"
"02/09/2022","527.50","527.50","530.00","525.00","","1.34%"
"02/08/2022","520.50","520.50","523.00","518.00","","0.00%"
"02/07/2022","520.50","520.50","523.00","518.00","","0.58%"
"01/28/2022","517.50","517.50","520.00","515.00","","0.00%"
"01/27/2022","517.50","517.50","520.00","515.00","","1.97%"
"01/26/2022","507.50","507.50","510.00","505.00","","0.00%"
"01/25/2022","507.50","507.50","510.00","505.00","","0.00%"
"01/24/2022","507.50","507.50","510.00","505.00","","0.00%"
"01/21/2022","507.50","507.50","510.00","505.00","","0.00%"
"01/20/2022","507.50","507.50","510.00","505.00","","0.00%"
"01/19/2022","507.50","507.50","510.00","505.00","","0.00%"
"01/18/2022","507.50","507.50","510.00","505.00","","0.00%"
"01/17/2022","507.50","507.50","510.00","505.00","","0.00%"
"01/14/2022","507.50","507.50","510.00","505.00","","0.40%"
"01/13/2022","505.50","505.50","508.00","503.00","","0.60%"
"01/12/2022","502.50","502.50","505.00","500.00","","0.00%"
"01/11/2022","502.50","502.50","505.00","500.00","","1.21%"
"01/10/2022","496.50","496.50","499.00","494.00","","2.90%"
"01/07/2022","482.50","482.50","485.00","480.00","","0.00%"
"01/06/2022","482.50","482.50","485.00","480.00","","0.00%"
"01/05/2022","482.50","482.50","485.00","480.00","","2.12%"
"01/04/2022","472.50","472.50","475.00","470.00","","1.50%"
"12/31/2021","465.50","465.50","468.00","463.00","","0.65%"
"12/30/2021","462.50","462.50","465.00","460.00","","0.00%"
"12/29/2021","462.50","462.50","465.00","460.00","","0.00%"
"12/28/2021","462.50","462.50","465.00","460.00","","2.21%"
"12/27/2021","452.50","452.50","455.00","450.00","","0.44%"
"12/24/2021","450.50","450.50","453.00","448.00","","2.97%"
"12/23/2021","437.50","437.50","440.00","435.00","","2.34%"
"12/22/2021","427.50","427.50","430.00","425.00","","0.00%"
"12/21/2021","427.50","427.50","430.00","425.00","","1.18%"
"12/20/2021","422.50","422.50","425.00","420.00","","0.00%"
"12/17/2021","422.50","422.50","425.00","420.00","","1.20%"
"12/16/2021","417.50","417.50","420.00","415.00","","0.00%"
"12/15/2021","417.50","417.50","420.00","415.00","","2.45%"
"12/14/2021","407.50","407.50","410.00","405.00","","1.24%"
"12/13/2021","402.50","402.50","405.00","400.00","","0.00%"
"12/10/2021","402.50","402.50","405.00","400.00","","0.00%"
"12/09/2021","402.50","402.50","405.00","400.00","","0.00%"
"12/08/2021","402.50","402.50","405.00","400.00","","0.50%"
"12/07/2021","400.50","400.50","403.00","398.00","","0.00%"
"12/06/2021","400.50","400.50","403.00","398.00","","0.00%"
"12/03/2021","400.50","400.50","403.00","398.00","","0.00%"
"12/02/2021","400.50","400.50","403.00","398.00","","0.00%"
"12/01/2021","400.50","400.50","403.00","398.00","","0.00%"
"11/30/2021","400.50","400.50","403.00","398.00","","0.00%"
"11/29/2021","400.50","400.50","403.00","398.00","","0.00%"
"11/26/2021","400.50","400.50","403.00","398.00","","0.00%"
"11/25/2021","400.50","400.50","403.00","398.00","","0.50%"
"11/24/2021","398.50","398.50","401.00","396.00","","1.27%"
"11/23/2021","393.50","393.50","396.00","391.00","","0.00%"
"11/22/2021","393.50","393.50","396.00","391.00","","0.77%"
"11/19/2021","390.50","390.50","393.00","388.00","","0.00%"
"11/18/2021","390.50","390.50","393.00","388.00","","0.00%"
"11/17/2021","390.50","390.50","393.00","388.00","","0.00%"
"11/16/2021","390.50","390.50","393.00","388.00","","0.00%"
"11/15/2021","390.50","390.50","393.00","388.00","","0.00%"
"11/12/2021","390.50","390.50","393.00","388.00","","0.00%"
"11/11/2021","390.50","390.50","393.00","388.00","","0.00%"
"11/10/2021","390.50","390.50","393.00","388.00","","0.00%"
"11/09/2021","390.50","390.50","393.00","388.00","","0.00%"
"11/08/2021","390.50","390.50","393.00","388.00","","0.00%"
"11/05/2021","390.50","390.50","393.00","388.00","","0.00%"
"11/04/2021","390.50","390.50","393.00","388.00","","0.00%"
"11/03/2021","390.50","390.50","393.00","388.00","","0.00%"
"11/02/2021","390.50","390.50","393.00","388.00","","0.00%"
"11/01/2021","390.50","390.50","393.00","388.00","","0.77%"
"10/29/2021","387.50","387.50","390.00","385.00","","1.31%"
"10/28/2021","382.50","382.50","385.00","380.00","","2.68%"
"10/27/2021","372.50","372.50","375.00","370.00","","2.76%"
"10/26/2021","362.50","362.50","365.00","360.00","","0.00%"
"10/25/2021","362.50","362.50","365.00","360.00","","0.00%"
"10/22/2021","362.50","362.50","365.00","360.00","","-1.36%"
"10/21/2021","367.50","367.50","370.00","365.00","","0.00%"
"10/20/2021","367.50","367.50","370.00","365.00","","0.00%"
"10/19/2021","367.50","367.50","370.00","365.00","","0.00%"
"10/18/2021","367.50","367.50","370.00","365.00","","0.00%"
"10/15/2021","367.50","367.50","370.00","365.00","","2.80%"
"10/14/2021","357.50","357.50","360.00","355.00","","2.88%"
"10/13/2021","347.50","347.50","350.00","345.00","","2.96%"
"10/12/2021","337.50","337.50","340.00","335.00","","0.00%"
"10/11/2021","337.50","337.50","340.00","335.00","","0.00%"
"09/29/2021","337.50","337.50","340.00","335.00","","0.00%"
"09/28/2021","337.50","337.50","340.00","335.00","","0.00%"
"09/27/2021","337.50","337.50","340.00","335.00","","0.60%"
"09/24/2021","335.50","335.50","338.00","333.00","","1.51%"
"09/23/2021","330.50","330.50","333.00","328.00","","0.92%"
"09/22/2021","327.50","327.50","330.00","325.00","","1.55%"
"09/17/2021","322.50","322.50","325.00","320.00","","1.57%"
"09/16/2021","317.50","317.50","320.00","315.00","","2.25%"
"09/15/2021","310.50","310.50","313.00","308.00","","0.00%"
"09/14/2021","310.50","310.50","313.00","308.00","","0.00%"
"09/13/2021","310.50","310.50","313.00","308.00","","0.00%"
"09/10/2021","310.50","310.50","313.00","308.00","","0.00%"
"09/09/2021","310.50","310.50","313.00","308.00","","0.00%"
"09/08/2021","310.50","310.50","313.00","308.00","","-0.64%"
"09/07/2021","312.50","312.50","315.00","310.00","","0.00%"
"09/06/2021","312.50","312.50","315.00","310.00","","0.00%"
"09/03/2021","312.50","312.50","315.00","310.00","","0.00%"
"09/02/2021","312.50","312.50","315.00","310.00","","-0.95%"
"09/01/2021","315.50","315.50","318.00","313.00","","0.00%"
"08/31/2021","315.50","315.50","318.00","313.00","","0.00%"
"08/30/2021","315.50","315.50","318.00","313.00","","0.00%"
"08/27/2021","315.50","315.50","318.00","313.00","","-0.63%"
"08/26/2021","317.50","317.50","320.00","315.00","","0.00%"
"08/25/2021","317.50","317.50","320.00","315.00","","0.00%"
"08/24/2021","317.50","317.50","320.00","315.00","","0.00%"
"08/23/2021","317.50","317.50","320.00","315.00","","0.00%"
"08/20/2021","317.50","317.50","320.00","315.00","","0.00%"
"08/19/2021","317.50","317.50","320.00","315.00","","0.00%"
"08/18/2021","317.50","317.50","320.00","315.00","","0.00%"
"08/17/2021","317.50","317.50","320.00","315.00","","0.00%"
"08/16/2021","317.50","317.50","320.00","315.00","","0.00%"
"08/13/2021","317.50","317.50","320.00","315.00","","-0.63%"
"08/12/2021","319.50","319.50","322.00","317.00","","0.00%"
"08/11/2021","319.50","319.50","322.00","317.00","","0.00%"
"08/10/2021","319.50","319.50","322.00","317.00","","0.00%"
"08/09/2021","319.50","319.50","322.00","317.00","","0.00%"
"08/06/2021","319.50","319.50","322.00","317.00","","0.00%"
"08/05/2021","319.50","319.50","322.00","317.00","","0.00%"
"08/04/2021","319.50","319.50","322.00","317.00","","0.00%"
"08/03/2021","319.50","319.50","322.00","317.00","","0.00%"
"08/02/2021","319.50","319.50","322.00","317.00","","0.00%"
"07/30/2021","319.50","319.50","322.00","317.00","","0.00%"
"07/29/2021","319.50","319.50","322.00","317.00","","0.00%"
"07/28/2021","319.50","319.50","322.00","317.00","","0.00%"
"07/27/2021","319.50","319.50","322.00","317.00","","0.00%"
"07/26/2021","319.50","319.50","322.00","317.00","","0.00%"
"07/23/2021","319.50","319.50","322.00","317.00","","0.00%"
"07/22/2021","319.50","319.50","322.00","317.00","","0.00%"
"07/21/2021","319.50","319.50","322.00","317.00","","0.00%"
"07/20/2021","319.50","319.50","322.00","317.00","","0.00%"
"07/19/2021","319.50","319.50","322.00","317.00","","0.00%"
"07/16/2021","319.50","319.50","322.00","317.00","","0.00%"
"07/15/2021","319.50","319.50","322.00","317.00","","0.63%"
"07/14/2021","317.50","317.50","320.00","315.00","","0.00%"
"07/13/2021","317.50","317.50","320.00","315.00","","2.25%"
"07/12/2021","310.50","310.50","313.00","308.00","","2.64%"
"07/09/2021","302.50","302.50","305.00","300.00","","0.00%"
"07/08/2021","302.50","302.50","305.00","300.00","","0.00%"
"07/07/2021","302.50","302.50","305.00","300.00","","1.68%"
"07/06/2021","297.50","297.50","300.00","295.00","","0.00%"
"07/05/2021","297.50","297.50","300.00","295.00","","0.68%"
"07/02/2021","295.50","295.50","298.00","293.00","","1.03%"
"07/01/2021","292.50","292.50","295.00","290.00","","0.00%"
"06/30/2021","292.50","292.50","295.00","290.00","","1.74%"
"06/29/2021","287.50","287.50","290.00","285.00","","0.00%"
"06/28/2021","287.50","287.50","290.00","285.00","","0.00%"
"06/25/2021","287.50","287.50","290.00","285.00","","0.00%"
"06/24/2021","287.50","287.50","290.00","285.00","","1.77%"
"06/23/2021","282.50","282.50","285.00","280.00","","0.00%"
"06/22/2021","282.50","282.50","285.00","280.00","","0.00%"
"06/21/2021","282.50","282.50","285.00","280.00","","0.00%"
"06/18/2021","282.50","282.50","285.00","280.00","","0.00%"
"06/17/2021","282.50","282.50","285.00","280.00","","0.00%"
"06/16/2021","282.50","282.50","285.00","280.00","","0.00%"
"06/15/2021","282.50","282.50","285.00","280.00","","0.00%"
"06/11/2021","282.50","282.50","285.00","280.00","","0.00%"
"06/10/2021","282.50","282.50","285.00","280.00","","0.00%"
"06/09/2021","282.50","282.50","285.00","280.00","","0.00%"
"06/08/2021","282.50","282.50","285.00","280.00","","0.00%"
"06/07/2021","282.50","282.50","285.00","280.00","","0.00%"
"06/04/2021","282.50","282.50","285.00","280.00","","0.00%"
"06/03/2021","282.50","282.50","285.00","280.00","","0.00%"
"06/02/2021","282.50","282.50","285.00","280.00","","-1.74%"
"06/01/2021","287.50","287.50","290.00","285.00","","0.00%"
"05/31/2021","287.50","287.50","290.00","285.00","","0.00%"
"05/28/2021","287.50","287.50","290.00","285.00","","0.00%"
"05/27/2021","287.50","287.50","290.00","285.00","","0.00%"
"05/26/2021","287.50","287.50","290.00","285.00","","0.00%"
"05/25/2021","287.50","287.50","290.00","285.00","","0.00%"
"05/24/2021","287.50","287.50","290.00","285.00","","0.00%"
"05/21/2021","287.50","287.50","290.00","285.00","","0.00%"
"05/20/2021","287.50","287.50","290.00","285.00","","0.00%"
"05/19/2021","287.50","287.50","290.00","285.00","","0.00%"
"05/18/2021","287.50","287.50","290.00","285.00","","-1.71%"
"05/17/2021","292.50","292.50","295.00","290.00","","0.00%"
"05/14/2021","292.50","292.50","295.00","290.00","","-0.68%"
"05/13/2021","294.50","294.50","297.00","292.00","","-1.01%"
"05/12/2021","297.50","297.50","300.00","295.00","","0.00%"
"05/11/2021","297.50","297.50","300.00","295.00","","0.00%"
"05/10/2021","297.50","297.50","300.00","295.00","","-1.65%"
"05/07/2021","302.50","302.50","305.00","300.00","","0.00%"
"05/06/2021","302.50","302.50","305.00","300.00","","0.00%"
"04/30/2021","302.50","302.50","305.00","300.00","","0.00%"
"04/29/2021","302.50","302.50","305.00","300.00","","0.00%"
"04/28/2021","302.50","302.50","305.00","300.00","","0.00%"
"04/27/2021","302.50","302.50","305.00","300.00","","0.00%"
"04/26/2021","302.50","302.50","305.00","300.00","","-2.58%"
"04/23/2021","310.50","310.50","313.00","308.00","","-2.82%"
"04/22/2021","319.50","319.50","322.00","317.00","","0.00%"
"04/21/2021","319.50","319.50","322.00","317.00","","0.00%"
"04/20/2021","319.50","319.50","322.00","317.00","","0.00%"
"04/19/2021","319.50","319.50","322.00","317.00","","0.00%"
"04/16/2021","319.50","319.50","322.00","317.00","","0.00%"
"04/15/2021","319.50","319.50","322.00","317.00","","0.00%"
"04/14/2021","319.50","319.50","322.00","317.00","","-1.54%"
"04/13/2021","324.50","324.50","327.00","322.00","","-2.41%"
"04/12/2021","332.50","332.50","335.00","330.00","","0.00%"
"04/09/2021","332.50","332.50","335.00","330.00","","0.00%"
"04/08/2021","332.50","332.50","335.00","330.00","","0.00%"
"04/07/2021","332.50","332.50","335.00","330.00","","0.00%"
"04/06/2021","332.50","332.50","335.00","330.00","","-1.48%"
"04/02/2021","337.50","337.50","340.00","335.00","","-1.46%"
"04/01/2021","342.50","342.50","345.00","340.00","","0.00%"
"03/31/2021","342.50","342.50","345.00","340.00","","-2.84%"
"03/30/2021","352.50","352.50","355.00","350.00","","-2.76%"
"03/29/2021","362.50","362.50","365.00","360.00","","-2.68%"
"03/26/2021","372.50","372.50","375.00","370.00","","0.00%"
"03/25/2021","372.50","372.50","375.00","370.00","","0.00%"
"03/24/2021","372.50","372.50","375.00","370.00","","0.00%"
"03/23/2021","372.50","372.50","375.00","370.00","","0.00%"
"03/22/2021","372.50","372.50","375.00","370.00","","0.00%"
"03/19/2021","372.50","372.50","375.00","370.00","","0.00%"
"03/18/2021","372.50","372.50","375.00","370.00","","0.00%"
"03/17/2021","372.50","372.50","375.00","370.00","","0.00%"
"03/16/2021","372.50","372.50","375.00","370.00","","-0.53%"
"03/15/2021","374.50","374.50","377.00","372.00","","0.00%"
"03/12/2021","374.50","374.50","377.00","372.00","","0.00%"
"03/11/2021","374.50","374.50","377.00","372.00","","0.00%"
"03/10/2021","374.50","374.50","377.00","372.00","","0.00%"
"03/09/2021","374.50","374.50","377.00","372.00","","0.00%"
"03/08/2021","374.50","374.50","377.00","372.00","","2.74%"
"03/05/2021","364.50","364.50","367.00","362.00","","2.82%"
"03/04/2021","354.50","354.50","357.00","352.00","","2.90%"
"03/03/2021","344.50","344.50","347.00","342.00","","2.68%"
"03/02/2021","335.50","335.50","338.00","333.00","","2.44%"
"03/01/2021","327.50","327.50","330.00","325.00","","2.50%"
"02/26/2021","319.50","319.50","322.00","317.00","","2.90%"
"02/25/2021","310.50","310.50","313.00","308.00","","2.64%"
"02/24/2021","302.50","302.50","305.00","300.00","","2.37%"
"02/23/2021","295.50","295.50","298.00","293.00","","2.78%"
"02/22/2021","287.50","287.50","290.00","285.00","","0.00%"
"02/05/2021","287.50","287.50","290.00","285.00","","0.00%"
"02/04/2021","287.50","287.50","290.00","285.00","","1.77%"
"02/03/2021","282.50","282.50","285.00","280.00","","0.00%"
"02/02/2021","282.50","282.50","285.00","280.00","","0.00%"
"02/01/2021","282.50","282.50","285.00","280.00","","0.00%"
"01/29/2021","282.50","282.50","285.00","280.00","","1.07%"
"01/28/2021","279.50","279.50","282.00","277.00","","0.72%"
"01/27/2021","277.50","277.50","280.00","275.00","","2.97%"
"01/26/2021","269.50","269.50","272.00","267.00","","2.67%"
"01/25/2021","262.50","262.50","265.00","260.00","","1.94%"
"01/22/2021","257.50","257.50","260.00","255.00","","0.00%"
"01/21/2021","257.50","257.50","260.00","255.00","","0.00%"
"01/20/2021","257.50","257.50","260.00","255.00","","1.98%"
"01/19/2021","252.50","252.50","255.00","250.00","","1.61%"
"01/18/2021","248.50","248.50","251.00","246.00","","2.47%"
"01/15/2021","242.50","242.50","245.00","240.00","","2.11%"
"01/14/2021","237.50","237.50","240.00","235.00","","2.15%"
"01/13/2021","232.50","232.50","235.00","230.00","","0.00%"
"01/12/2021","232.50","232.50","235.00","230.00","","0.00%"
"01/11/2021","232.50","232.50","235.00","230.00","","0.00%"
"01/08/2021","232.50","232.50","235.00","230.00","","0.00%"
"01/07/2021","232.50","232.50","235.00","230.00","","1.31%"
"01/06/2021","229.50","229.50","232.00","227.00","","0.88%"
"01/05/2021","227.50","227.50","230.00","225.00","","0.00%"
"01/04/2021","227.50","227.50","230.00","225.00","","0.00%"
"12/31/2020","227.50","227.50","230.00","225.00","","0.00%"
"12/30/2020","227.50","227.50","230.00","225.00","","0.00%"
"12/29/2020","227.50","227.50","230.00","225.00","","0.89%"
"12/28/2020","225.50","225.50","228.00","223.00","","0.00%"
"12/25/2020","225.50","225.50","228.00","223.00","","0.00%"
"12/24/2020","225.50","225.50","228.00","223.00","","0.00%"
"12/23/2020","225.50","225.50","228.00","223.00","","0.00%"
"12/22/2020","225.50","225.50","228.00","223.00","","0.89%"
"12/21/2020","223.50","223.50","226.00","221.00","","0.00%"
"12/18/2020","223.50","223.50","226.00","221.00","","0.00%"
"12/17/2020","223.50","223.50","226.00","221.00","","0.00%"
"12/16/2020","223.50","223.50","226.00","221.00","","0.00%"
"12/15/2020","223.50","223.50","226.00","221.00","","0.00%"
"12/14/2020","223.50","223.50","226.00","221.00","","0.00%"
"12/11/2020","223.50","223.50","226.00","221.00","","0.00%"
"12/10/2020","223.50","223.50","226.00","221.00","","0.00%"
"12/09/2020","223.50","223.50","226.00","221.00","","0.00%"
"12/08/2020","223.50","223.50","226.00","221.00","","0.00%"
"12/07/2020","223.50","223.50","226.00","221.00","","0.00%"
"12/04/2020","223.50","223.50","226.00","221.00","","0.00%"
"12/03/2020","223.50","223.50","226.00","221.00","","0.00%"
"12/02/2020","223.50","223.50","226.00","221.00","","0.00%"
"12/01/2020","223.50","223.50","226.00","221.00","","0.00%"
"11/30/2020","223.50","223.50","226.00","221.00","","0.00%"
"11/27/2020","223.50","223.50","226.00","221.00","","0.00%"
"11/26/2020","223.50","223.50","226.00","221.00","","0.00%"
"11/25/2020","223.50","223.50","226.00","221.00","","0.00%"
"11/24/2020","223.50","223.50","226.00","221.00","","0.00%"
"11/23/2020","223.50","223.50","226.00","221.00","","0.45%"
"11/20/2020","222.50","222.50","225.00","220.00","","0.00%"
"11/19/2020","222.50","222.50","225.00","220.00","","0.00%"
"11/18/2020","222.50","222.50","225.00","220.00","","0.00%"
"11/17/2020","222.50","222.50","225.00","220.00","","0.00%"
"11/16/2020","222.50","222.50","225.00","220.00","","0.00%"
"11/13/2020","222.50","222.50","225.00","220.00","","0.00%"
"11/12/2020","222.50","222.50","225.00","220.00","","0.00%"
"11/11/2020","222.50","222.50","225.00","220.00","","0.00%"
"11/10/2020","222.50","222.50","225.00","220.00","","0.00%"
"11/09/2020","222.50","222.50","225.00","220.00","","0.00%"
"11/06/2020","222.50","222.50","225.00","220.00","","0.00%"
"11/05/2020","222.50","222.50","225.00","220.00","","0.00%"
"11/04/2020","222.50","222.50","225.00","220.00","","0.00%"
"11/03/2020","222.50","222.50","225.00","220.00","","0.00%"
"11/02/2020","222.50","222.50","225.00","220.00","","0.00%"
"10/30/2020","222.50","222.50","225.00","220.00","","0.00%"
"10/29/2020","222.50","222.50","225.00","220.00","","0.00%"
"10/28/2020","222.50","222.50","225.00","220.00","","0.00%"
"10/27/2020","222.50","222.50","225.00","220.00","","0.00%"
"10/26/2020","222.50","222.50","225.00","220.00","","0.00%"
"10/23/2020","222.50","222.50","225.00","220.00","","0.00%"
"10/22/2020","222.50","222.50","225.00","220.00","","0.00%"
"10/21/2020","222.50","222.50","225.00","220.00","","-0.45%"
"10/20/2020","223.50","223.50","226.00","221.00","","0.00%"
"10/19/2020","223.50","223.50","226.00","221.00","","0.00%"
"10/16/2020","223.50","223.50","226.00","221.00","","0.00%"
"10/15/2020","223.50","223.50","226.00","221.00","","0.00%"
"10/14/2020","223.50","223.50","226.00","221.00","","0.00%"
"10/13/2020","223.50","223.50","226.00","221.00","","0.00%"
"10/12/2020","223.50","223.50","226.00","221.00","","0.00%"
"09/29/2020","223.50","223.50","226.00","221.00","","0.00%"
"09/28/2020","223.50","223.50","226.00","221.00","","0.00%"
"09/25/2020","223.50","223.50","226.00","221.00","","0.00%"
"09/24/2020","223.50","223.50","226.00","221.00","","0.00%"
"09/23/2020","223.50","223.50","226.00","221.00","","0.00%"
"09/22/2020","223.50","223.50","226.00","221.00","","0.00%"
"09/21/2020","223.50","223.50","226.00","221.00","","-1.76%"
"09/18/2020","227.50","227.50","230.00","225.00","","0.00%"
"09/17/2020","227.50","227.50","230.00","225.00","","-0.44%"
"09/16/2020","228.50","228.50","231.00","226.00","","0.00%"
"09/15/2020","228.50","228.50","231.00","226.00","","0.00%"
"09/14/2020","228.50","228.50","231.00","226.00","","-0.87%"
"09/11/2020","230.50","230.50","233.00","228.00","","0.00%"
"09/10/2020","230.50","230.50","233.00","228.00","","0.00%"
"09/09/2020","230.50","230.50","233.00","228.00","","0.00%"
"09/08/2020","230.50","230.50","233.00","228.00","","0.00%"
"09/07/2020","230.50","230.50","233.00","228.00","","0.00%"
"09/04/2020","230.50","230.50","233.00","228.00","","0.00%"
"09/03/2020","230.50","230.50","233.00","228.00","","0.00%"
"09/02/2020","230.50","230.50","233.00","228.00","","0.00%"
"09/01/2020","230.50","230.50","233.00","228.00","","0.00%"
"08/31/2020","230.50","230.50","233.00","228.00","","0.00%"
"08/28/2020","230.50","230.50","233.00","228.00","","0.00%"
"08/27/2020","230.50","230.50","233.00","228.00","","0.00%"
"08/26/2020","230.50","230.50","233.00","228.00","","0.00%"
"08/25/2020","230.50","230.50","233.00","228.00","","0.00%"
"08/24/2020","230.50","230.50","233.00","228.00","","0.00%"
"08/21/2020","230.50","230.50","233.00","228.00","","0.00%"
"08/20/2020","230.50","230.50","233.00","228.00","","0.00%"
"08/19/2020","230.50","230.50","233.00","228.00","","0.00%"
"08/18/2020","230.50","230.50","233.00","228.00","","0.00%"
"08/17/2020","230.50","230.50","233.00","228.00","","0.00%"
"08/14/2020","230.50","230.50","233.00","228.00","","0.00%"
"08/13/2020","230.50","230.50","233.00","228.00","","2.22%"
"08/12/2020","225.50","225.50","228.00","223.00","","2.27%"
"08/11/2020","220.50","220.50","223.00","218.00","","1.38%"
"08/10/2020","217.50","217.50","220.00","215.00","","1.40%"
"08/07/2020","214.50","214.50","217.00","212.00","","1.90%"
"08/06/2020","210.50","210.50","213.00","208.00","","1.45%"
"08/05/2020","207.50","207.50","210.00","205.00","","1.47%"
"08/04/2020","204.50","204.50","207.00","202.00","","0.99%"
"08/03/2020","202.50","202.50","205.00","200.00","","0.50%"
"07/31/2020","201.50","201.50","204.00","199.00","","0.50%"
"07/30/2020","200.50","200.50","203.00","198.00","","1.52%"
"07/29/2020","197.50","197.50","200.00","195.00","","2.07%"
"07/28/2020","193.50","193.50","196.00","191.00","","1.04%"
"07/27/2020","191.50","191.50","194.00","189.00","","0.52%"
"07/24/2020","190.50","190.50","193.00","188.00","","0.00%"
"07/23/2020","190.50","190.50","193.00","188.00","","0.00%"
"07/22/2020","190.50","190.50","193.00","188.00","","0.00%"
"07/21/2020","190.50","190.50","193.00","188.00","","0.00%"
"07/20/2020","190.50","190.50","193.00","188.00","","0.00%"
"07/17/2020","190.50","190.50","193.00","188.00","","0.00%"
"07/16/2020","190.50","190.50","193.00","188.00","","0.00%"
"07/15/2020","190.50","190.50","193.00","188.00","","0.00%"
"07/14/2020","190.50","190.50","193.00","188.00","","0.00%"
"07/13/2020","190.50","190.50","193.00","188.00","","0.00%"
"07/10/2020","190.50","190.50","193.00","188.00","","0.00%"
"07/09/2020","190.50","190.50","193.00","188.00","","0.00%"
"07/08/2020","190.50","190.50","193.00","188.00","","0.00%"
"07/07/2020","190.50","190.50","193.00","188.00","","-1.04%"
"07/06/2020","192.50","192.50","195.00","190.00","","0.00%"
"07/03/2020","192.50","192.50","195.00","190.00","","0.00%"
"07/02/2020","192.50","192.50","195.00","190.00","","-1.03%"
"07/01/2020","194.50","194.50","197.00","192.00","","0.00%"
"06/30/2020","194.50","194.50","197.00","192.00","","-0.51%"
"06/29/2020","195.50","195.50","198.00","193.00","","0.00%"
"06/24/2020","195.50","195.50","198.00","193.00","","0.00%"
"06/23/2020","195.50","195.50","198.00","193.00","","-0.51%"
"06/22/2020","196.50","196.50","199.00","194.00","","0.00%"
"06/19/2020","196.50","196.50","199.00","194.00","","-0.51%"
"06/18/2020","197.50","197.50","200.00","195.00","","0.00%"
"06/17/2020","197.50","197.50","200.00","195.00","","0.00%"
"06/16/2020","197.50","197.50","200.00","195.00","","0.00%"
"06/15/2020","197.50","197.50","200.00","195.00","","0.00%"
"06/12/2020","197.50","197.50","200.00","195.00","","0.00%"
"06/11/2020","197.50","197.50","200.00","195.00","","0.00%"
"06/10/2020","197.50","197.50","200.00","195.00","","0.00%"
"06/09/2020","197.50","197.50","200.00","195.00","","0.00%"
"06/08/2020","197.50","197.50","200.00","195.00","","0.00%"
"06/05/2020","197.50","197.50","200.00","195.00","","0.00%"
"06/04/2020","197.50","197.50","200.00","195.00","","0.00%"
"06/03/2020","197.50","197.50","200.00","195.00","","0.00%"
"06/02/2020","197.50","197.50","200.00","195.00","","0.00%"
"06/01/2020","197.50","197.50","200.00","195.00","","0.00%"
"05/29/2020","197.50","197.50","200.00","195.00","","0.00%"
"05/28/2020","197.50","197.50","200.00","195.00","","0.00%"
"05/27/2020","197.50","197.50","200.00","195.00","","0.00%"
"05/26/2020","197.50","197.50","200.00","195.00","","0.51%"
"05/25/2020","196.50","196.50","199.00","194.00","","0.00%"
"05/22/2020","196.50","196.50","199.00","194.00","","0.00%"
"05/21/2020","196.50","196.50","199.00","194.00","","0.00%"
"05/20/2020","196.50","196.50","199.00","194.00","","0.00%"
"05/19/2020","196.50","196.50","199.00","194.00","","0.00%"
"05/18/2020","196.50","196.50","199.00","194.00","","0.00%"
"05/15/2020","196.50","196.50","199.00","194.00","","0.00%"
"05/14/2020","196.50","196.50","199.00","194.00","","0.00%"
"05/13/2020","196.50","196.50","199.00","194.00","","0.00%"
"05/12/2020","196.50","196.50","199.00","194.00","","0.00%"
"05/11/2020","196.50","196.50","199.00","194.00","","0.00%"
"05/08/2020","196.50","196.50","199.00","194.00","","0.00%"
"05/07/2020","196.50","196.50","199.00","194.00","","0.00%"
"05/06/2020","196.50","196.50","199.00","194.00","","0.00%"
"04/30/2020","196.50","196.50","199.00","194.00","","0.00%"
"04/29/2020","196.50","196.50","199.00","194.00","","0.00%"
"04/28/2020","196.50","196.50","199.00","194.00","","0.00%"
"04/27/2020","196.50","196.50","199.00","194.00","","-1.01%"
"04/24/2020","198.50","198.50","201.00","196.00","","0.00%"
"04/23/2020","198.50","198.50","201.00","196.00","","-1.00%"
"04/22/2020","200.50","200.50","203.00","198.00","","0.00%"
"04/21/2020","200.50","200.50","203.00","198.00","","0.00%"
"04/20/2020","200.50","200.50","203.00","198.00","","-0.99%"
"04/17/2020","202.50","202.50","205.00","200.00","","0.00%"
"04/16/2020","202.50","202.50","205.00","200.00","","-0.98%"
"04/15/2020","204.50","204.50","207.00","202.00","","0.00%"
"04/14/2020","204.50","204.50","207.00","202.00","","-0.49%"
"04/13/2020","205.50","205.50","208.00","203.00","","0.00%"
"04/10/2020","205.50","205.50","208.00","203.00","","-0.96%"
"04/09/2020","207.50","207.50","210.00","205.00","","0.00%"
"04/08/2020","207.50","207.50","210.00","205.00","","0.00%"
"04/07/2020","207.50","207.50","210.00","205.00","","0.00%"
"04/03/2020","207.50","207.50","210.00","205.00","","0.00%"
"04/02/2020","207.50","207.50","210.00","205.00","","-0.95%"
"04/01/2020","209.50","209.50","212.00","207.00","","0.00%"
"03/31/2020","209.50","209.50","212.00","207.00","","0.00%"
"03/30/2020","209.50","209.50","212.00","207.00","","0.00%"
"03/27/2020","209.50","209.50","212.00","207.00","","0.00%"
"03/26/2020","209.50","209.50","212.00","207.00","","0.00%"
"03/25/2020","209.50","209.50","212.00","207.00","","-1.41%"
"03/24/2020","212.50","212.50","215.00","210.00","","-0.93%"
"03/23/2020","214.50","214.50","217.00","212.00","","0.00%"
"03/20/2020","214.50","214.50","217.00","212.00","","-1.38%"
"03/19/2020","217.50","217.50","220.00","215.00","","-1.36%"
"03/18/2020","220.50","220.50","223.00","218.00","","0.00%"
"03/17/2020","220.50","220.50","223.00","218.00","","-0.90%"
"03/16/2020","222.50","222.50","225.00","220.00","","0.00%"
"03/13/2020","222.50","222.50","225.00","220.00","","0.00%"
"03/12/2020","222.50","222.50","225.00","220.00","","0.00%"
"03/11/2020","222.50","222.50","225.00","220.00","","0.00%"
"03/10/2020","222.50","222.50","225.00","220.00","","0.00%"
"03/09/2020","222.50","222.50","225.00","220.00","","0.00%"
"03/06/2020","222.50","222.50","225.00","220.00","","0.00%"
"03/05/2020","222.50","222.50","225.00","220.00","","0.00%"
"03/04/2020","222.50","222.50","225.00","220.00","","0.00%"
"03/03/2020","222.50","222.50","225.00","220.00","","0.00%"
"03/02/2020","222.50","222.50","225.00","220.00","","0.00%"
"02/28/2020","222.50","222.50","225.00","220.00","","0.00%"
"02/27/2020","222.50","222.50","225.00","220.00","","0.00%"
"02/26/2020","222.50","222.50","225.00","220.00","","2.30%"
"02/25/2020","217.50","217.50","220.00","215.00","","0.93%"
"02/24/2020","215.50","215.50","218.00","213.00","","0.00%"
"02/21/2020","215.50","215.50","218.00","213.00","","1.41%"
"02/20/2020","212.50","212.50","215.00","210.00","","2.41%"
"02/19/2020","207.50","207.50","210.00","205.00","","1.47%"
"02/18/2020","204.50","204.50","207.00","202.00","","0.00%"
"02/17/2020","204.50","204.50","207.00","202.00","","0.00%"
"02/14/2020","204.50","204.50","207.00","202.00","","1.49%"
"02/13/2020","201.50","201.50","204.00","199.00","","0.00%"
"02/12/2020","201.50","201.50","204.00","199.00","","0.00%"
"02/11/2020","201.50","201.50","204.00","199.00","","0.00%"
"02/10/2020","201.50","201.50","204.00","199.00","","0.00%"
"02/07/2020","201.50","201.50","204.00","199.00","","0.00%"
"02/06/2020","201.50","201.50","204.00","199.00","","0.00%"
"02/05/2020","201.50","201.50","204.00","199.00","","0.00%"
"02/04/2020","201.50","201.50","204.00","199.00","","0.00%"
"02/03/2020","201.50","201.50","204.00","199.00","","0.00%"
"01/21/2020","201.50","201.50","204.00","199.00","","0.00%"
"01/20/2020","201.50","201.50","204.00","199.00","","0.00%"
"01/17/2020","201.50","201.50","204.00","199.00","","0.00%"
"01/16/2020","201.50","201.50","204.00","199.00","","0.00%"
"01/15/2020","201.50","201.50","204.00","199.00","","0.00%"
"01/14/2020","201.50","201.50","204.00","199.00","","0.00%"
"01/13/2020","201.50","201.50","204.00","199.00","","0.00%"
"01/10/2020","201.50","201.50","204.00","199.00","","0.00%"
"01/09/2020","201.50","201.50","204.00","199.00","","0.00%"
"01/08/2020","201.50","201.50","204.00","199.00","","0.00%"
"01/07/2020","201.50","201.50","204.00","199.00","","0.50%"
"01/06/2020","200.50","200.50","203.00","198.00","","0.00%"
"01/03/2020","200.50","200.50","203.00","198.00","","0.00%"
"01/02/2020","200.50","200.50","203.00","198.00","","0.00%"
"12/31/2019","200.50","200.50","203.00","198.00","","0.00%"
"12/30/2019","200.50","200.50","203.00","198.00","","0.00%"
"12/27/2019","200.50","200.50","203.00","198.00","","0.00%"
"12/26/2019","200.50","200.50","203.00","198.00","","0.00%"
"12/25/2019","200.50","200.50","203.00","198.00","","0.00%"
"12/24/2019","200.50","200.50","203.00","198.00","","0.00%"
"12/23/2019","200.50","200.50","203.00","198.00","","0.00%"
"12/20/2019","200.50","200.50","203.00","198.00","","0.00%"
"12/19/2019","200.50","200.50","203.00","198.00","","-1.47%"
"12/18/2019","203.50","203.50","206.00","201.00","","-2.86%"
"12/17/2019","209.50","209.50","212.00","207.00","","0.00%"
"12/16/2019","209.50","209.50","212.00","207.00","","0.00%"
"12/13/2019","209.50","209.50","212.00","207.00","","0.00%"
"12/12/2019","209.50","209.50","212.00","207.00","","0.00%"
"12/11/2019","209.50","209.50","212.00","207.00","","0.00%"
"12/10/2019","209.50","209.50","212.00","207.00","","0.00%"
"12/09/2019","209.50","209.50","212.00","207.00","","0.00%"
"12/06/2019","209.50","209.50","212.00","207.00","","0.00%"
"12/05/2019","209.50","209.50","212.00","207.00","","-1.41%"
"12/04/2019","212.50","212.50","215.00","210.00","","-2.30%"
"12/03/2019","217.50","217.50","220.00","215.00","","0.00%"
"12/02/2019","217.50","217.50","220.00","215.00","","0.00%"
"11/29/2019","217.50","217.50","220.00","215.00","","-1.36%"
"11/28/2019","220.50","220.50","223.00","218.00","","0.00%"
"11/27/2019","220.50","220.50","223.00","218.00","","0.00%"
"11/26/2019","220.50","220.50","223.00","218.00","","-0.90%"
"11/25/2019","222.50","222.50","225.00","220.00","","0.00%"
"11/22/2019","222.50","222.50","225.00","220.00","","-0.89%"
"11/21/2019","224.50","224.50","227.00","222.00","","0.00%"
"11/20/2019","224.50","224.50","227.00","222.00","","0.00%"
"11/19/2019","224.50","224.50","227.00","222.00","","0.00%"
"11/18/2019","224.50","224.50","227.00","222.00","","-1.32%"
"11/15/2019","227.50","227.50","230.00","225.00","","0.00%"
"11/14/2019","227.50","227.50","230.00","225.00","","0.00%"
"11/13/2019","227.50","227.50","230.00","225.00","","-0.44%"
"11/12/2019","228.50","228.50","231.00","226.00","","-0.44%"
"11/11/2019","229.50","229.50","232.00","227.00","","-1.29%"
"11/08/2019","232.50","232.50","235.00","230.00","","-0.85%"
"11/07/2019","234.50","234.50","237.00","232.00","","-1.26%"
"11/06/2019","237.50","237.50","240.00","235.00","","0.00%"
"11/05/2019","237.50","237.50","240.00","235.00","","0.00%"
"11/04/2019","237.50","237.50","240.00","235.00","","-0.84%"
"11/01/2019","239.50","239.50","242.00","237.00","","0.00%"
"10/31/2019","239.50","239.50","242.00","237.00","","-1.24%"
"10/30/2019","242.50","242.50","245.00","240.00","","0.00%"
"10/29/2019","242.50","242.50","245.00","240.00","","-1.62%"
"10/28/2019","246.50","246.50","249.00","244.00","","-0.80%"
"10/25/2019","248.50","248.50","251.00","246.00","","0.00%"
"10/24/2019","248.50","248.50","251.00","246.00","","0.00%"
"10/23/2019","248.50","248.50","251.00","246.00","","0.00%"
"10/22/2019","248.50","248.50","251.00","246.00","","0.00%"
"10/21/2019","248.50","248.50","251.00","246.00","","0.00%"
"10/18/2019","248.50","248.50","251.00","246.00","","0.00%"
"10/17/2019","248.50","248.50","251.00","246.00","","0.00%"
"10/16/2019","248.50","248.50","251.00","246.00","","2.05%"
"10/15/2019","243.50","243.50","246.00","241.00","","0.00%"
"10/14/2019","243.50","243.50","246.00","241.00","","0.00%"
"10/11/2019","243.50","243.50","246.00","241.00","","0.00%"
"10/10/2019","243.50","243.50","246.00","241.00","","1.25%"
"10/09/2019","240.50","240.50","243.00","238.00","","2.56%"
"10/08/2019","234.50","234.50","237.00","232.00","","0.00%"
"09/27/2019","234.50","234.50","237.00","232.00","","0.86%"
"09/26/2019","232.50","232.50","235.00","230.00","","0.00%"
"09/25/2019","232.50","232.50","235.00","230.00","","0.87%"
"09/24/2019","230.50","230.50","233.00","228.00","","2.22%"
"09/23/2019","225.50","225.50","228.00","223.00","","0.00%"
"09/20/2019","225.50","225.50","228.00","223.00","","2.73%"
"09/19/2019","219.50","219.50","222.00","217.00","","0.92%"
"09/18/2019","217.50","217.50","220.00","215.00","","1.40%"
"09/17/2019","214.50","214.50","217.00","212.00","","0.00%"
"09/16/2019","214.50","214.50","217.00","212.00","","0.00%"
"09/12/2019","214.50","214.50","217.00","212.00","","0.00%"
"09/11/2019","214.50","214.50","217.00","212.00","","1.90%"
"09/10/2019","210.50","210.50","213.00","208.00","","0.00%"
"09/09/2019","210.50","210.50","213.00","208.00","","0.00%"
"09/06/2019","210.50","210.50","213.00","208.00","","0.00%"
"09/05/2019","210.50","210.50","213.00","208.00","","0.00%"
"09/04/2019","210.50","210.50","213.00","208.00","","0.00%"
"09/03/2019","210.50","210.50","213.00","208.00","","0.00%"
"09/02/2019","210.50","210.50","213.00","208.00","","0.00%"
"08/30/2019","210.50","210.50","213.00","208.00","","0.00%"
"08/29/2019","210.50","210.50","213.00","208.00","","0.00%"
"08/28/2019","210.50","210.50","213.00","208.00","","0.00%"
"08/27/2019","210.50","210.50","213.00","208.00","","0.00%"
"08/26/2019","210.50","210.50","213.00","208.00","","1.45%"
"08/23/2019","207.50","207.50","210.00","205.00","","2.47%"
"08/22/2019","202.50","202.50","205.00","200.00","","0.00%"
"08/21/2019","202.50","202.50","205.00","200.00","","2.53%"
"08/20/2019","197.50","197.50","200.00","195.00","","2.60%"
"08/19/2019","192.50","192.50","195.00","190.00","","2.67%"
"08/16/2019","187.50","187.50","190.00","185.00","","2.74%"
"08/15/2019","182.50","182.50","185.00","180.00","","0.00%"
"08/14/2019","182.50","182.50","185.00","180.00","","0.00%"
"08/13/2019","182.50","182.50","185.00","180.00","","0.00%"
"08/12/2019","182.50","182.50","185.00","180.00","","0.00%"
"08/09/2019","182.50","182.50","185.00","180.00","","0.00%"
"08/08/2019","182.50","182.50","185.00","180.00","","0.00%"
"08/07/2019","182.50","182.50","185.00","180.00","","0.00%"
"08/06/2019","182.50","182.50","185.00","180.00","","0.00%"
"08/05/2019","182.50","182.50","185.00","180.00","","0.00%"
"08/02/2019","182.50","182.50","185.00","180.00","","0.00%"
"08/01/2019","182.50","182.50","185.00","180.00","","0.00%"
"07/31/2019","182.50","182.50","185.00","180.00","","0.00%"
"07/30/2019","182.50","182.50","185.00","180.00","","0.00%"
"07/29/2019","182.50","182.50","185.00","180.00","","0.00%"
"07/26/2019","182.50","182.50","185.00","180.00","","0.00%"
"07/25/2019","182.50","182.50","185.00","180.00","","0.00%"
"07/24/2019","182.50","182.50","185.00","180.00","","0.00%"
"07/23/2019","182.50","182.50","185.00","180.00","","0.00%"
"07/22/2019","182.50","182.50","185.00","180.00","","0.00%"
"07/19/2019","182.50","182.50","185.00","180.00","","-1.08%"
"07/18/2019","184.50","184.50","187.00","182.00","","-1.60%"
"07/17/2019","187.50","187.50","190.00","185.00","","-2.60%"
"07/16/2019","192.50","192.50","195.00","190.00","","-1.03%"
"07/15/2019","194.50","194.50","197.00","192.00","","-1.52%"
"07/12/2019","197.50","197.50","200.00","195.00","","0.00%"
"07/11/2019","197.50","197.50","200.00","195.00","","-1.00%"
"07/10/2019","199.50","199.50","202.00","197.00","","0.00%"
"07/09/2019","199.50","199.50","202.00","197.00","","0.00%"
"07/08/2019","199.50","199.50","202.00","197.00","","0.00%"
"07/05/2019","199.50","199.50","202.00","197.00","","0.00%"
"07/04/2019","199.50","199.50","202.00","197.00","","0.00%"
"07/03/2019","199.50","199.50","202.00","197.00","","-0.50%"
"07/02/2019","200.50","200.50","203.00","198.00","","0.00%"
"07/01/2019","200.50","200.50","203.00","198.00","","-1.96%"
"06/28/2019","204.50","204.50","207.00","202.00","","0.00%"
"06/27/2019","204.50","204.50","207.00","202.00","","-0.49%"
"06/26/2019","205.50","205.50","208.00","203.00","","-0.96%"
"06/25/2019","207.50","207.50","210.00","205.00","","0.00%"
"06/24/2019","207.50","207.50","210.00","205.00","","0.00%"
"06/21/2019","207.50","207.50","210.00","205.00","","-2.35%"
"06/20/2019","212.50","212.50","215.00","210.00","","-2.30%"
"06/19/2019","217.50","217.50","220.00","215.00","","0.00%"
"06/18/2019","217.50","217.50","220.00","215.00","","-0.91%"
"06/17/2019","219.50","219.50","222.00","217.00","","-1.35%"
"06/14/2019","222.50","222.50","225.00","220.00","","-0.45%"
"06/13/2019","223.50","223.50","226.00","221.00","","0.00%"
"06/12/2019","223.50","223.50","226.00","221.00","","0.00%"
"06/11/2019","223.50","223.50","226.00","221.00","","-0.89%"
"06/10/2019","225.50","225.50","228.00","223.00","","0.00%"
"06/06/2019","225.50","225.50","228.00","223.00","","-2.17%"
"06/05/2019","230.50","230.50","233.00","228.00","","0.00%"
"06/04/2019","230.50","230.50","233.00","228.00","","0.00%"
"06/03/2019","230.50","230.50","233.00","228.00","","-0.86%"
"05/31/2019","232.50","232.50","235.00","230.00","","0.00%"
"05/30/2019","232.50","232.50","235.00","230.00","","0.00%"
"05/29/2019","232.50","232.50","235.00","230.00","","0.00%"
"05/28/2019","232.50","232.50","235.00","230.00","","0.00%"
"05/27/2019","232.50","232.50","235.00","230.00","","-0.85%"
"05/24/2019","234.50","234.50","237.00","232.00","","0.00%"
"05/23/2019","234.50","234.50","237.00","232.00","","-0.85%"
"05/22/2019","236.50","236.50","239.00","234.00","","-0.42%"
"05/21/2019","237.50","237.50","240.00","235.00","","0.00%"
"05/20/2019","237.50","237.50","240.00","235.00","","0.00%"
"05/17/2019","237.50","237.50","240.00","235.00","","0.00%"
"05/16/2019","237.50","237.50","240.00","235.00","","0.00%"
"05/15/2019","237.50","237.50","240.00","235.00","","-1.25%"
"05/14/2019","240.50","240.50","243.00","238.00","","-0.41%"
"05/13/2019","241.50","241.50","244.00","239.00","","0.00%"
"05/10/2019","241.50","241.50","244.00","239.00","","-0.41%"
"05/09/2019","242.50","242.50","245.00","240.00","","0.00%"
"05/08/2019","242.50","242.50","245.00","240.00","","0.00%"
"05/07/2019","242.50","242.50","245.00","240.00","","0.00%"
"05/06/2019","242.50","242.50","245.00","240.00","","0.00%"
"04/30/2019","242.50","242.50","245.00","240.00","","0.00%"
"04/29/2019","242.50","242.50","245.00","240.00","","0.00%"
"04/26/2019","242.50","242.50","245.00","240.00","","0.00%"
"04/25/2019","242.50","242.50","245.00","240.00","","0.00%"
"04/24/2019","242.50","242.50","245.00","240.00","","0.00%"
"04/23/2019","242.50","242.50","245.00","240.00","","0.00%"
"04/22/2019","242.50","242.50","245.00","240.00","","0.00%"
"04/19/2019","242.50","242.50","245.00","240.00","","0.00%"
"04/18/2019","242.50","242.50","245.00","240.00","","0.00%"
"04/17/2019","242.50","242.50","245.00","240.00","","0.00%"
"04/16/2019","242.50","242.50","245.00","240.00","","0.00%"
"04/15/2019","242.50","242.50","245.00","240.00","","0.00%"
"04/12/2019","242.50","242.50","245.00","240.00","","0.00%"
"04/11/2019","242.50","242.50","245.00","240.00","","0.00%"
"04/10/2019","242.50","242.50","245.00","240.00","","0.00%"
"04/09/2019","242.50","242.50","245.00","240.00","","0.00%"
"04/08/2019","242.50","242.50","245.00","240.00","","0.83%"
"04/04/2019","240.50","240.50","243.00","238.00","","1.05%"
"04/03/2019","238.00","238.00","241.00","235.00","","0.00%"
"04/02/2019","238.00","238.00","241.00","235.00","","0.00%"
"04/01/2019","238.00","238.00","241.00","235.00","","0.00%"
"03/29/2019","238.00","238.00","241.00","235.00","","-1.24%"
"03/28/2019","241.00","241.00","244.00","238.00","","-1.23%"
"03/27/2019","244.00","244.00","247.00","241.00","","-0.41%"
"03/26/2019","245.00","245.00","248.00","242.00","","0.00%"
"03/25/2019","245.00","245.00","248.00","242.00","","0.00%"
"03/22/2019","245.00","245.00","248.00","242.00","","0.00%"
"03/21/2019","245.00","245.00","248.00","242.00","","-0.81%"
"03/20/2019","247.00","247.00","250.00","244.00","","0.00%"
"03/19/2019","247.00","247.00","250.00","244.00","","0.00%"
"03/18/2019","247.00","247.00","250.00","244.00","","0.00%"
"03/15/2019","247.00","247.00","250.00","244.00","","0.00%"
"03/14/2019","247.00","247.00","250.00","244.00","","0.00%"
"03/13/2019","247.00","247.00","250.00","244.00","","0.00%"
"03/12/2019","247.00","247.00","250.00","244.00","","0.00%"
"03/11/2019","247.00","247.00","250.00","244.00","","0.00%"
"03/08/2019","247.00","247.00","250.00","244.00","","0.00%"
"03/07/2019","247.00","247.00","250.00","244.00","","0.00%"
"03/06/2019","247.00","247.00","250.00","244.00","","0.00%"
"03/05/2019","247.00","247.00","250.00","244.00","","0.00%"
"03/04/2019","247.00","247.00","250.00","244.00","","0.00%"
"03/01/2019","247.00","247.00","250.00","244.00","","-0.40%"
"02/28/2019","248.00","248.00","251.00","245.00","","-1.98%"
"02/27/2019","253.00","253.00","256.00","250.00","","0.00%"
"02/26/2019","253.00","253.00","256.00","250.00","","-1.56%"
"02/25/2019","257.00","257.00","260.00","254.00","","-2.28%"
"02/22/2019","263.00","263.00","266.00","260.00","","-0.75%"
"02/21/2019","265.00","265.00","268.00","262.00","","-2.93%"
"02/20/2019","273.00","273.00","276.00","270.00","","-1.80%"
"02/19/2019","278.00","278.00","281.00","275.00","","-1.77%"
"02/18/2019","283.00","283.00","286.00","280.00","","0.00%"
"02/15/2019","283.00","283.00","286.00","280.00","","0.00%"
"02/14/2019","283.00","283.00","286.00","280.00","","0.00%"
"02/13/2019","283.00","283.00","286.00","280.00","","0.00%"
"02/12/2019","283.00","283.00","286.00","280.00","","0.00%"
"02/11/2019","283.00","283.00","286.00","280.00","","-0.70%"
"02/01/2019","285.00","285.00","288.00","282.00","","0.00%"
"01/31/2019","285.00","285.00","288.00","282.00","","0.00%"
"01/30/2019","285.00","285.00","288.00","282.00","","0.00%"
"01/29/2019","285.00","285.00","288.00","282.00","","0.00%"
"01/28/2019","285.00","285.00","288.00","282.00","","0.00%"
"01/25/2019","285.00","285.00","288.00","282.00","","0.00%"
"01/24/2019","285.00","285.00","288.00","282.00","","0.00%"
"01/23/2019","285.00","285.00","288.00","282.00","","0.00%"
"01/22/2019","285.00","285.00","288.00","282.00","","0.00%"
"01/21/2019","285.00","285.00","288.00","282.00","","0.00%"
"01/18/2019","285.00","285.00","288.00","282.00","","0.00%"
"01/17/2019","285.00","285.00","288.00","282.00","","0.00%"
"01/16/2019","285.00","285.00","288.00","282.00","","0.00%"
"01/15/2019","285.00","285.00","288.00","282.00","","0.00%"
"01/14/2019","285.00","285.00","288.00","282.00","","0.00%"
"01/11/2019","285.00","285.00","288.00","282.00","","0.00%"
"01/10/2019","285.00","285.00","288.00","282.00","","0.00%"
"01/09/2019","285.00","285.00","288.00","282.00","","0.00%"
"01/08/2019","285.00","285.00","288.00","282.00","","0.00%"
"01/07/2019","285.00","285.00","288.00","282.00","","-0.35%"
"01/03/2019","286.00","286.00","289.00","283.00","","0.00%"
"01/02/2019","286.00","286.00","289.00","283.00","","-2.05%"
"12/28/2018","292.00","292.00","295.00","289.00","","-1.02%"
"12/27/2018","295.00","295.00","298.00","292.00","","0.00%"
"12/26/2018","295.00","295.00","298.00","292.00","","-0.67%"
"12/25/2018","297.00","297.00","300.00","294.00","","0.00%"
"12/24/2018","297.00","297.00","300.00","294.00","","-1.33%"
"12/21/2018","301.00","301.00","304.00","298.00","","-1.31%"
"12/20/2018","305.00","305.00","308.00","302.00","","0.00%"
"12/19/2018","305.00","305.00","308.00","302.00","","0.00%"
"12/18/2018","305.00","305.00","308.00","302.00","","-0.65%"
"12/17/2018","307.00","307.00","310.00","304.00","","0.00%"
"12/14/2018","307.00","307.00","310.00","304.00","","0.00%"
"12/13/2018","307.00","307.00","310.00","304.00","","0.00%"
"12/12/2018","307.00","307.00","310.00","304.00","","0.00%"
"12/11/2018","307.00","307.00","310.00","304.00","","0.00%"
"12/10/2018","307.00","307.00","310.00","304.00","","-1.60%"
"12/07/2018","312.00","312.00","315.00","309.00","","0.00%"
"12/06/2018","312.00","312.00","315.00","309.00","","0.00%"
"12/05/2018","312.00","312.00","315.00","309.00","","0.00%"
"12/04/2018","312.00","312.00","315.00","309.00","","0.00%"
"12/03/2018","312.00","312.00","315.00","309.00","","0.00%"
"11/30/2018","312.00","312.00","315.00","309.00","","-1.58%"
"11/29/2018","317.00","317.00","320.00","314.00","","-2.46%"
"11/28/2018","325.00","325.00","328.00","322.00","","0.00%"
"11/27/2018","325.00","325.00","328.00","322.00","","0.00%"
"11/26/2018","325.00","325.00","328.00","322.00","","-1.52%"
"11/23/2018","330.00","330.00","333.00","327.00","","-0.90%"
"11/22/2018","333.00","333.00","336.00","330.00","","0.00%"
"11/21/2018","333.00","333.00","336.00","330.00","","0.00%"
"11/20/2018","333.00","333.00","336.00","330.00","","0.00%"
"11/19/2018","333.00","333.00","336.00","330.00","","0.00%"
"11/16/2018","333.00","333.00","336.00","330.00","","0.00%"
"11/15/2018","333.00","333.00","336.00","330.00","","0.00%"
"11/14/2018","333.00","333.00","336.00","330.00","","0.00%"
"11/13/2018","333.00","333.00","336.00","330.00","","0.00%"
"11/12/2018","333.00","333.00","336.00","330.00","","0.00%"
"11/09/2018","333.00","333.00","336.00","330.00","","0.00%"
"11/08/2018","333.00","333.00","336.00","330.00","","0.00%"
"11/07/2018","333.00","333.00","336.00","330.00","","0.00%"
"11/06/2018","333.00","333.00","336.00","330.00","","0.00%"
"11/05/2018","333.00","333.00","336.00","330.00","","-1.19%"
"11/02/2018","337.00","337.00","340.00","334.00","","0.00%"
"11/01/2018","337.00","337.00","340.00","334.00","","0.00%"
"10/31/2018","337.00","337.00","340.00","334.00","","-0.88%"
"10/30/2018","340.00","340.00","343.00","337.00","","-0.87%"
"10/29/2018","343.00","343.00","346.00","340.00","","0.00%"
"10/26/2018","343.00","343.00","346.00","340.00","","0.00%"
"10/25/2018","343.00","343.00","346.00","340.00","","-0.29%"
"10/24/2018","344.00","344.00","347.00","341.00","","-0.58%"
"10/23/2018","346.00","346.00","349.00","343.00","","-0.57%"
"10/22/2018","348.00","348.00","351.00","345.00","","0.00%"
"10/19/2018","348.00","348.00","351.00","345.00","","0.00%"
"10/18/2018","348.00","348.00","351.00","345.00","","0.00%"
"10/17/2018","348.00","348.00","351.00","345.00","","0.00%"
"10/16/2018","348.00","348.00","351.00","345.00","","0.00%"
"10/15/2018","348.00","348.00","351.00","345.00","","0.00%"
"10/12/2018","348.00","348.00","351.00","345.00","","0.00%"
"10/11/2018","348.00","348.00","351.00","345.00","","-1.42%"
"10/10/2018","353.00","353.00","356.00","350.00","","0.00%"
"10/09/2018","353.00","353.00","356.00","350.00","","-2.75%"
"10/08/2018","363.00","363.00","366.00","360.00","","0.00%"
"09/28/2018","363.00","363.00","366.00","360.00","","0.00%"
"09/27/2018","363.00","363.00","366.00","360.00","","0.00%"
"09/26/2018","363.00","363.00","366.00","360.00","","0.00%"
"09/25/2018","363.00","363.00","366.00","360.00","","0.00%"
"09/21/2018","363.00","363.00","366.00","360.00","","0.00%"
"09/20/2018","363.00","363.00","366.00","360.00","","0.00%"
"09/19/2018","363.00","363.00","366.00","360.00","","0.00%"
"09/18/2018","363.00","363.00","366.00","360.00","","0.00%"
"09/17/2018","363.00","363.00","366.00","360.00","","0.00%"
"09/14/2018","363.00","363.00","366.00","360.00","","0.00%"
"09/13/2018","363.00","363.00","366.00","360.00","","0.00%"
"09/12/2018","363.00","363.00","366.00","360.00","","-2.68%"
"09/11/2018","373.00","373.00","376.00","370.00","","0.00%"
"09/10/2018","373.00","373.00","376.00","370.00","","0.00%"
"09/07/2018","373.00","373.00","376.00","370.00","","0.00%"
"09/06/2018","373.00","373.00","376.00","370.00","","0.00%"
"09/05/2018","373.00","373.00","376.00","370.00","","-1.06%"
"09/04/2018","377.00","377.00","380.00","374.00","","0.00%"
"09/03/2018","377.00","377.00","380.00","374.00","","0.00%"
"08/31/2018","377.00","377.00","380.00","374.00","","0.00%"
"08/30/2018","377.00","377.00","380.00","374.00","","0.00%"
"08/29/2018","377.00","377.00","380.00","374.00","","0.00%"
"08/28/2018","377.00","377.00","380.00","374.00","","0.00%"
"08/27/2018","377.00","377.00","380.00","374.00","","0.00%"
"08/24/2018","377.00","377.00","380.00","374.00","","0.00%"
"08/23/2018","377.00","377.00","380.00","374.00","","-1.05%"
"08/22/2018","381.00","381.00","384.00","378.00","","-0.52%"
"08/21/2018","383.00","383.00","386.00","380.00","","0.00%"
"08/20/2018","383.00","383.00","386.00","380.00","","-1.29%"
"08/17/2018","388.00","388.00","391.00","385.00","","-1.27%"
"08/16/2018","393.00","393.00","396.00","390.00","","0.00%"
"08/15/2018","393.00","393.00","396.00","390.00","","-1.01%"
"08/14/2018","397.00","397.00","400.00","394.00","","-1.24%"
"08/13/2018","402.00","402.00","405.00","399.00","","0.00%"
"08/10/2018","402.00","402.00","405.00","399.00","","-0.50%"
"08/09/2018","404.00","404.00","407.00","401.00","","-1.46%"
"08/08/2018","410.00","410.00","413.00","407.00","","-0.73%"
"08/07/2018","413.00","413.00","416.00","410.00","","-1.20%"
"08/06/2018","418.00","418.00","421.00","415.00","","0.00%"
"08/03/2018","418.00","418.00","421.00","415.00","","0.00%"
"08/02/2018","418.00","418.00","421.00","415.00","","0.00%"
"08/01/2018","418.00","418.00","421.00","415.00","","0.00%"
"07/31/2018","418.00","418.00","421.00","415.00","","0.00%"
"07/30/2018","418.00","418.00","421.00","415.00","","0.00%"
"07/27/2018","418.00","418.00","421.00","415.00","","0.00%"
"07/26/2018","418.00","418.00","421.00","415.00","","0.00%"
"07/25/2018","418.00","418.00","421.00","415.00","","0.00%"
"07/24/2018","418.00","418.00","421.00","415.00","","0.00%"
"07/23/2018","418.00","418.00","421.00","415.00","","-1.18%"
"07/20/2018","423.00","423.00","426.00","420.00","","0.00%"
"07/19/2018","423.00","423.00","426.00","420.00","","0.00%"
"07/18/2018","423.00","423.00","426.00","420.00","","0.00%"
"07/17/2018","423.00","423.00","426.00","420.00","","-0.47%"
"07/16/2018","425.00","425.00","428.00","422.00","","-1.16%"
"07/13/2018","430.00","430.00","433.00","427.00","","-2.27%"
"07/12/2018","440.00","440.00","443.00","437.00","","0.00%"
"07/11/2018","440.00","440.00","443.00","437.00","","0.00%"
"07/10/2018","440.00","440.00","443.00","437.00","","0.00%"
"07/09/2018","440.00","440.00","443.00","437.00","","0.00%"
"07/06/2018","440.00","440.00","443.00","437.00","","0.00%"
"07/05/2018","440.00","440.00","443.00","437.00","","0.00%"
"07/04/2018","440.00","440.00","443.00","437.00","","0.00%"
"07/03/2018","440.00","440.00","443.00","437.00","","0.00%"
"07/02/2018","440.00","440.00","443.00","437.00","","0.00%"
"06/29/2018","440.00","440.00","443.00","437.00","","0.00%"
"06/28/2018","440.00","440.00","443.00","437.00","","-0.68%"
"06/27/2018","443.00","443.00","446.00","440.00","","-1.56%"
"06/26/2018","450.00","450.00","453.00","447.00","","-1.10%"
"06/25/2018","455.00","455.00","458.00","452.00","","0.00%"
"06/22/2018","455.00","455.00","458.00","452.00","","0.00%"
"06/21/2018","455.00","455.00","458.00","452.00","","0.00%"
"06/20/2018","455.00","455.00","458.00","452.00","","-1.73%"
"06/19/2018","463.00","463.00","466.00","460.00","","-1.07%"
"06/15/2018","468.00","468.00","471.00","465.00","","0.00%"
"06/14/2018","468.00","468.00","471.00","465.00","","0.00%"
"06/13/2018","468.00","468.00","471.00","465.00","","0.00%"
"06/12/2018","468.00","468.00","471.00","465.00","","0.00%"
"06/11/2018","468.00","468.00","471.00","465.00","","-1.06%"
"06/08/2018","473.00","473.00","476.00","470.00","","-1.25%"
"06/07/2018","479.00","479.00","482.00","476.00","","-1.64%"
"06/06/2018","487.00","487.00","490.00","484.00","","0.00%"
"06/05/2018","487.00","487.00","490.00","484.00","","0.00%"
"06/04/2018","487.00","487.00","490.00","484.00","","0.00%"
"06/01/2018","487.00","487.00","490.00","484.00","","0.00%"
"05/31/2018","487.00","487.00","490.00","484.00","","-0.61%"
"05/30/2018","490.00","490.00","493.00","487.00","","0.00%"
"05/29/2018","490.00","490.00","493.00","487.00","","-0.61%"
"05/28/2018","493.00","493.00","496.00","490.00","","0.00%"
"05/25/2018","493.00","493.00","496.00","490.00","","0.00%"
"05/24/2018","493.00","493.00","496.00","490.00","","-1.00%"
"05/23/2018","498.00","498.00","501.00","495.00","","0.00%"
"05/22/2018","498.00","498.00","501.00","495.00","","0.00%"
"05/21/2018","498.00","498.00","501.00","495.00","","-0.40%"
"05/18/2018","500.00","500.00","503.00","497.00","","0.00%"
"05/17/2018","500.00","500.00","503.00","497.00","","-0.99%"
"05/16/2018","505.00","505.00","508.00","502.00","","-0.59%"
"05/15/2018","508.00","508.00","511.00","505.00","","-0.78%"
"05/14/2018","512.00","512.00","515.00","509.00","","0.00%"
"05/11/2018","512.00","512.00","515.00","509.00","","0.00%"
"05/10/2018","512.00","512.00","515.00","509.00","","0.00%"
"05/09/2018","512.00","512.00","515.00","509.00","","0.00%"
"05/08/2018","512.00","512.00","515.00","509.00","","0.00%"
"05/07/2018","512.00","512.00","515.00","509.00","","0.00%"
"05/04/2018","512.00","512.00","515.00","509.00","","0.00%"
"05/03/2018","512.00","512.00","515.00","509.00","","0.00%"
"05/02/2018","512.00","512.00","515.00","509.00","","0.00%"
"04/27/2018","512.00","512.00","515.00","509.00","","0.00%"
"04/26/2018","512.00","512.00","515.00","509.00","","0.00%"
"04/25/2018","512.00","512.00","515.00","509.00","","0.00%"
"04/24/2018","512.00","512.00","515.00","509.00","","0.00%"
"04/23/2018","512.00","512.00","515.00","509.00","","0.00%"
"04/20/2018","512.00","512.00","515.00","509.00","","0.00%"
"04/19/2018","512.00","512.00","515.00","509.00","","0.00%"
"04/18/2018","512.00","512.00","515.00","509.00","","0.00%"
"04/17/2018","512.00","512.00","515.00","509.00","","0.00%"
"04/16/2018","512.00","512.00","515.00","509.00","","0.00%"
"04/13/2018","512.00","512.00","515.00","509.00","","0.00%"
"04/12/2018","512.00","512.00","515.00","509.00","","0.00%"
"04/11/2018","512.00","512.00","515.00","509.00","","0.00%"
"04/10/2018","512.00","512.00","515.00","509.00","","0.59%"
"04/09/2018","509.00","509.00","512.00","506.00","","0.79%"
"04/04/2018","505.00","505.00","508.00","502.00","","0.80%"
"04/03/2018","501.00","501.00","504.00","498.00","","0.00%"
"04/02/2018","501.00","501.00","504.00","498.00","","0.00%"
"03/30/2018","501.00","501.00","504.00","498.00","","0.00%"
"03/29/2018","501.00","501.00","504.00","498.00","","0.20%"
"03/28/2018","500.00","500.00","503.00","497.00","","0.60%"
"03/27/2018","497.00","497.00","500.00","494.00","","0.40%"
"03/26/2018","495.00","495.00","498.00","492.00","","1.64%"
"03/23/2018","487.00","487.00","490.00","484.00","","0.00%"
"03/22/2018","487.00","487.00","490.00","484.00","","0.00%"
"03/21/2018","487.00","487.00","490.00","484.00","","0.00%"
"03/20/2018","487.00","487.00","490.00","484.00","","0.00%"
"03/19/2018","487.00","487.00","490.00","484.00","","1.25%"
"03/16/2018","481.00","481.00","484.00","478.00","","0.63%"
"03/15/2018","478.00","478.00","481.00","475.00","","1.06%"
"03/14/2018","473.00","473.00","476.00","470.00","","1.50%"
"03/13/2018","466.00","466.00","469.00","463.00","","1.75%"
"03/12/2018","458.00","458.00","461.00","455.00","","0.00%"
"03/09/2018","458.00","458.00","461.00","455.00","","0.00%"
"03/08/2018","458.00","458.00","461.00","455.00","","0.00%"
"03/07/2018","458.00","458.00","461.00","455.00","","0.00%"
"03/06/2018","458.00","458.00","461.00","455.00","","1.10%"
"03/05/2018","453.00","453.00","456.00","450.00","","0.00%"
"03/02/2018","453.00","453.00","456.00","450.00","","0.00%"
"03/01/2018","453.00","453.00","456.00","450.00","","1.34%"
"02/28/2018","447.00","447.00","450.00","444.00","","1.36%"
"02/27/2018","441.00","441.00","444.00","438.00","","0.92%"
"02/26/2018","437.00","437.00","440.00","434.00","","0.00%"
"02/23/2018","437.00","437.00","440.00","434.00","","0.00%"
"02/22/2018","437.00","437.00","440.00","434.00","","0.00%"
"02/09/2018","437.00","437.00","440.00","434.00","","0.00%"
"02/08/2018","437.00","437.00","440.00","434.00","","0.92%"
"02/07/2018","433.00","433.00","436.00","430.00","","0.00%"
"02/06/2018","433.00","433.00","436.00","430.00","","0.70%"
"02/05/2018","430.00","430.00","433.00","427.00","","0.00%"
"02/02/2018","430.00","430.00","433.00","427.00","","0.00%"
"02/01/2018","430.00","430.00","433.00","427.00","","0.00%"
"01/31/2018","430.00","430.00","433.00","427.00","","0.47%"
"01/30/2018","428.00","428.00","431.00","425.00","","0.00%"
"01/29/2018","428.00","428.00","431.00","425.00","","0.00%"
"01/26/2018","428.00","428.00","431.00","425.00","","0.00%"
"01/25/2018","428.00","428.00","431.00","425.00","","0.00%"
"01/24/2018","428.00","428.00","431.00","425.00","","0.71%"
"01/23/2018","425.00","425.00","428.00","422.00","","0.00%"
"01/22/2018","425.00","425.00","428.00","422.00","","1.19%"
"01/19/2018","420.00","420.00","423.00","417.00","","0.72%"
"01/18/2018","417.00","417.00","420.00","414.00","","0.00%"
"01/17/2018","417.00","417.00","420.00","414.00","","0.00%"
"01/16/2018","417.00","417.00","420.00","414.00","","0.00%"
"01/15/2018","417.00","417.00","420.00","414.00","","0.97%"
"01/12/2018","413.00","413.00","416.00","410.00","","0.00%"
"01/11/2018","413.00","413.00","416.00","410.00","","0.49%"
"01/10/2018","411.00","411.00","414.00","408.00","","0.49%"
"01/09/2018","409.00","409.00","412.00","406.00","","0.49%"
"01/08/2018","407.00","407.00","410.00","404.00","","0.00%"
"01/05/2018","407.00","407.00","410.00","404.00","","0.00%"
"01/04/2018","407.00","407.00","410.00","404.00","","0.00%"
"01/03/2018","407.00","407.00","410.00","404.00","","0.00%"
"01/02/2018","407.00","407.00","410.00","404.00","","0.00%"
"12/29/2017","407.00","407.00","410.00","404.00","","0.00%"
"12/28/2017","407.00","407.00","410.00","404.00","","0.00%"
"12/27/2017","407.00","407.00","410.00","404.00","","0.00%"
"12/26/2017","407.00","407.00","410.00","404.00","","0.00%"
"12/25/2017","407.00","407.00","410.00","404.00","","0.00%"
"12/22/2017","407.00","407.00","410.00","404.00","","0.00%"
"12/21/2017","407.00","407.00","410.00","404.00","","0.00%"
"12/20/2017","407.00","407.00","410.00","404.00","","0.00%"
"12/19/2017","407.00","407.00","410.00","404.00","","0.49%"
"12/18/2017","405.00","405.00","408.00","402.00","","0.00%"
"12/15/2017","405.00","405.00","408.00","402.00","","0.00%"
"12/14/2017","405.00","405.00","408.00","402.00","","0.50%"
"12/13/2017","403.00","403.00","406.00","400.00","","0.00%"
"12/12/2017","403.00","403.00","406.00","400.00","","0.50%"
"12/11/2017","401.00","401.00","404.00","398.00","","0.00%"
"12/08/2017","401.00","401.00","404.00","398.00","","0.00%"
"12/07/2017","401.00","401.00","404.00","398.00","","0.00%"
"12/06/2017","401.00","401.00","404.00","398.00","","0.00%"
"12/05/2017","401.00","401.00","404.00","398.00","","0.00%"
"12/04/2017","401.00","401.00","404.00","398.00","","0.00%"
"12/01/2017","401.00","401.00","404.00","398.00","","0.00%"
"11/30/2017","401.00","401.00","404.00","398.00","","0.00%"
"11/29/2017","401.00","401.00","404.00","398.00","","0.00%"
"11/28/2017","401.00","401.00","404.00","398.00","","0.00%"
"11/27/2017","401.00","401.00","404.00","398.00","","0.00%"
"11/24/2017","401.00","401.00","404.00","398.00","","0.00%"
"11/23/2017","401.00","401.00","404.00","398.00","","0.00%"
"11/22/2017","401.00","401.00","404.00","398.00","","0.00%"
"11/21/2017","401.00","401.00","404.00","398.00","","0.00%"
"11/20/2017","401.00","401.00","404.00","398.00","","0.00%"
"11/17/2017","401.00","401.00","404.00","398.00","","0.00%"
"11/16/2017","401.00","401.00","404.00","398.00","","0.00%"
"11/15/2017","401.00","401.00","404.00","398.00","","0.00%"
"11/14/2017","401.00","401.00","404.00","398.00","","0.00%"
"11/13/2017","401.00","401.00","404.00","398.00","","0.50%"
"11/10/2017","399.00","399.00","402.00","396.00","","0.00%"
"11/09/2017","399.00","399.00","402.00","396.00","","0.00%"
"11/08/2017","399.00","399.00","402.00","396.00","","0.00%"
"11/07/2017","399.00","399.00","402.00","396.00","","0.00%"
"11/06/2017","399.00","399.00","402.00","396.00","","0.00%"
"11/03/2017","399.00","399.00","402.00","396.00","","0.00%"
"11/02/2017","399.00","399.00","402.00","396.00","","0.00%"
"11/01/2017","399.00","399.00","402.00","396.00","","0.00%"
"10/31/2017","399.00","399.00","402.00","396.00","","0.00%"
"10/30/2017","399.00","399.00","402.00","396.00","","0.00%"
"10/27/2017","399.00","399.00","402.00","396.00","","0.00%"
"10/26/2017","399.00","399.00","402.00","396.00","","0.00%"
"10/25/2017","399.00","399.00","402.00","396.00","","0.00%"
"10/24/2017","399.00","399.00","402.00","396.00","","0.00%"
"10/23/2017","399.00","399.00","402.00","396.00","","0.00%"
"10/20/2017","399.00","399.00","402.00","396.00","","0.00%"
"10/19/2017","399.00","399.00","402.00","396.00","","0.00%"
"10/18/2017","399.00","399.00","402.00","396.00","","0.00%"
"10/17/2017","399.00","399.00","402.00","396.00","","0.00%"
"10/16/2017","399.00","399.00","402.00","396.00","","0.00%"
"10/13/2017","399.00","399.00","402.00","396.00","","0.00%"
"10/12/2017","399.00","399.00","402.00","396.00","","0.50%"
"10/11/2017","397.00","397.00","400.00","394.00","","0.51%"
"10/10/2017","395.00","395.00","398.00","392.00","","0.00%"
"10/09/2017","395.00","395.00","398.00","392.00","","0.00%"
"09/29/2017","395.00","395.00","398.00","392.00","","0.00%"
"09/28/2017","395.00","395.00","398.00","392.00","","0.00%"
"09/27/2017","395.00","395.00","398.00","392.00","","0.00%"
"09/26/2017","395.00","395.00","398.00","392.00","","0.00%"
"09/22/2017","395.00","395.00","398.00","392.00","","0.00%"
"09/21/2017","395.00","395.00","398.00","392.00","","0.00%"
"09/20/2017","395.00","395.00","398.00","392.00","","0.00%"
"09/19/2017","395.00","395.00","398.00","392.00","","0.00%"
"09/18/2017","395.00","395.00","398.00","392.00","","0.00%"
"09/15/2017","395.00","395.00","398.00","392.00","","0.00%"
"09/14/2017","395.00","395.00","398.00","392.00","","0.00%"
"09/13/2017","395.00","395.00","398.00","392.00","","0.00%"
"09/12/2017","395.00","395.00","398.00","392.00","","0.00%"
"09/11/2017","395.00","395.00","398.00","392.00","","0.00%"
"09/08/2017","395.00","395.00","398.00","392.00","","0.00%"
"09/07/2017","395.00","395.00","398.00","392.00","","0.00%"
"09/06/2017","395.00","395.00","398.00","392.00","","0.00%"
"09/05/2017","395.00","395.00","398.00","392.00","","0.00%"
"09/04/2017","395.00","395.00","398.00","392.00","","0.00%"
"09/01/2017","395.00","395.00","398.00","392.00","","0.00%"
"08/31/2017","395.00","395.00","398.00","392.00","","0.00%"
"08/30/2017","395.00","395.00","398.00","392.00","","0.00%"
"08/29/2017","395.00","395.00","398.00","392.00","","0.77%"
"08/28/2017","392.00","392.00","395.00","389.00","","0.00%"
"08/25/2017","392.00","392.00","395.00","389.00","","0.00%"
"08/24/2017","392.00","392.00","395.00","389.00","","0.00%"
"08/23/2017","392.00","392.00","395.00","389.00","","0.51%"
"08/22/2017","390.00","390.00","393.00","387.00","","0.78%"
"08/21/2017","387.00","387.00","390.00","384.00","","0.00%"
"08/18/2017","387.00","387.00","390.00","384.00","","0.00%"
"08/17/2017","387.00","387.00","390.00","384.00","","0.00%"
"08/16/2017","387.00","387.00","390.00","384.00","","1.04%"
"08/15/2017","383.00","383.00","386.00","380.00","","0.00%"
"08/14/2017","383.00","383.00","386.00","380.00","","0.00%"
"08/11/2017","383.00","383.00","386.00","380.00","","0.00%"
"08/10/2017","383.00","383.00","386.00","380.00","","0.52%"
"08/08/2017","381.00","381.00","384.00","378.00","","0.00%"
"08/07/2017","381.00","381.00","384.00","378.00","","0.00%"
"08/04/2017","381.00","381.00","384.00","378.00","","0.00%"
"08/03/2017","381.00","381.00","384.00","378.00","","0.00%"
"08/02/2017","381.00","381.00","384.00","378.00","","0.00%"
"08/01/2017","381.00","381.00","384.00","378.00","","0.00%"
"07/31/2017","381.00","381.00","384.00","378.00","","0.00%"
"07/28/2017","381.00","381.00","384.00","378.00","","0.00%"
"07/27/2017","381.00","381.00","384.00","378.00","","0.00%"
"07/26/2017","381.00","381.00","384.00","378.00","","0.00%"
"07/25/2017","381.00","381.00","384.00","378.00","","-1.04%"
"07/24/2017","385.00","385.00","388.00","382.00","","0.00%"
"07/21/2017","385.00","385.00","388.00","382.00","","-0.52%"
"07/20/2017","387.00","387.00","390.00","384.00","","0.00%"
"07/19/2017","387.00","387.00","390.00","384.00","","0.00%"
"07/18/2017","387.00","387.00","390.00","384.00","","0.00%"
"07/17/2017","387.00","387.00","390.00","384.00","","0.00%"
"07/14/2017","387.00","387.00","390.00","384.00","","0.00%"
"07/13/2017","387.00","387.00","390.00","384.00","","0.00%"
"07/12/2017","387.00","387.00","390.00","384.00","","0.00%"
"07/11/2017","387.00","387.00","390.00","384.00","","0.00%"
"07/10/2017","387.00","387.00","390.00","384.00","","0.00%"
"07/07/2017","387.00","387.00","390.00","384.00","","0.00%"
"07/06/2017","387.00","387.00","390.00","384.00","","0.00%"
"07/05/2017","387.00","387.00","390.00","384.00","","0.00%"
"07/04/2017","387.00","387.00","390.00","384.00","","0.00%"
"07/03/2017","387.00","387.00","390.00","384.00","","0.00%"
"06/30/2017","387.00","387.00","390.00","384.00","","0.00%"
"06/29/2017","387.00","387.00","390.00","384.00","","0.00%"
"06/28/2017","387.00","387.00","390.00","384.00","","0.00%"
"06/27/2017","387.00","387.00","390.00","384.00","","0.00%"
"06/26/2017","387.00","387.00","390.00","384.00","","0.00%"
"06/23/2017","387.00","387.00","390.00","384.00","","0.00%"
"06/22/2017","387.00","387.00","390.00","384.00","","0.00%"
"06/21/2017","387.00","387.00","390.00","384.00","","0.00%"
"06/20/2017","387.00","387.00","390.00","384.00","","0.00%"
"06/19/2017","387.00","387.00","390.00","384.00","","0.00%"
"06/16/2017","387.00","387.00","390.00","384.00","","0.00%"
"06/15/2017","387.00","387.00","390.00","384.00","","0.00%"
"06/14/2017","387.00","387.00","390.00","384.00","","0.00%"
"06/13/2017","387.00","387.00","390.00","384.00","","0.00%"
"06/12/2017","387.00","387.00","390.00","384.00","","0.00%"
"06/09/2017","387.00","387.00","390.00","384.00","","0.00%"
"06/08/2017","387.00","387.00","390.00","384.00","","0.00%"
"06/07/2017","387.00","387.00","390.00","384.00","","0.00%"
"06/06/2017","387.00","387.00","390.00","384.00","","0.00%"
"06/05/2017","387.00","387.00","390.00","384.00","","0.00%"
"06/02/2017","387.00","387.00","390.00","384.00","","0.00%"
"06/01/2017","387.00","387.00","390.00","384.00","","-1.53%"
"05/31/2017","393.00","393.00","396.00","390.00","","-1.01%"
"05/30/2017","397.00","397.00","400.00","394.00","","0.00%"
"05/26/2017","397.00","397.00","400.00","394.00","","0.00%"
"05/25/2017","397.00","397.00","400.00","394.00","","-0.75%"
"05/24/2017","400.00","400.00","403.00","397.00","","-0.50%"
"05/23/2017","402.00","402.00","405.00","399.00","","0.00%"
"05/22/2017","402.00","402.00","405.00","399.00","","0.00%"
"05/19/2017","402.00","402.00","405.00","399.00","","0.00%"
"05/18/2017","402.00","402.00","405.00","399.00","","0.00%"
"05/17/2017","402.00","402.00","405.00","399.00","","0.00%"
"05/16/2017","402.00","402.00","405.00","399.00","","0.00%"
"05/15/2017","402.00","402.00","405.00","399.00","","-1.23%"
"05/12/2017","407.00","407.00","410.00","404.00","","0.00%"
"05/11/2017","407.00","407.00","410.00","404.00","","0.00%"
"05/10/2017","407.00","407.00","410.00","404.00","","0.00%"